2026-07-30 15:04:02 [INFO] -> =============================================================================
2026-07-30 15:04:02 [INFO] -> [🤖 AI AGENT] BẮT ĐẦU VÒNG ĐỜI ĐIỀU PHỐI TỰ TRỊ CHO TẬP PHIM 15...
2026-07-30 15:04:02 [INFO] -> =============================================================================
2026-07-30 15:04:02 [INFO] -> [AGENT NODE 1] Thao tác: Đọc phân tích cấu trúc chữ Chapter...
2026-07-30 15:04:02 [INFO] -> [AGENT NODE 2] Thao tác: Tự động phân rã mạch truyện thành các phân cảnh lớn...
2026-07-30 15:04:02 [INFO] -> [AGENT NODE 3] Thao tác: Phân rã Scene [1501] thành các Shots...
2026-07-30 15:04:02 [INFO] -> [SHOT MANAGER] Tiến hành bẻ nhỏ Scene ID [1501] thành chuỗi cắt cảnh...
2026-07-30 15:04:02 [INFO] ->  -> [✓] Khởi tạo Shot 01: ESTABLISHING | Thời lượng: 5.0s
2026-07-30 15:04:02 [INFO] ->  -> [✓] Khởi tạo Shot 02: WALKING | Thời lượng: 4.0s
2026-07-30 15:04:02 [INFO] ->  -> [✓] Khởi tạo Shot 03: DIALOGUE | Thời lượng: 4.0s
2026-07-30 15:04:02 [INFO] -> [AGENT NODE 4] Thao tác: Trộn câu lệnh Prompt Ma trận cho Shot [150101]...
2026-07-30 15:04:02 [INFO] -> [PROMPT CORES] Đang thực thi trộn ma trận Token 9 lớp cho Shot ID: [150101]
2026-07-30 15:04:02 [INFO] -> [AGENT NODE 5] Thao tác: Đẩy Shot [150101] vào hàng đợi phần cứng GPU...
2026-07-30 15:04:03 [INFO] -> [RENDER QUEUE] Cú máy [Shot ID: 150101] đang xếp hàng ➔ [WAITING]
2026-07-30 15:04:03 [INFO] -> [RENDER QUEUE] GPU đang tính toán khung hình ➔ [RENDERING]
2026-07-30 15:04:03 [INFO] -> [AGENT NODE 8] [✓] Hoàn tất Shot [150101] -> Khóa trạng thái COMPLETED.
2026-07-30 15:04:03 [INFO] -> [AGENT NODE 4] Thao tác: Trộn câu lệnh Prompt Ma trận cho Shot [150102]...
2026-07-30 15:04:03 [INFO] -> [PROMPT CORES] Đang thực thi trộn ma trận Token 9 lớp cho Shot ID: [150102]
2026-07-30 15:04:03 [INFO] -> [AGENT NODE 5] Thao tác: Đẩy Shot [150102] vào hàng đợi phần cứng GPU...
2026-07-30 15:04:03 [INFO] -> [RENDER QUEUE] Cú máy [Shot ID: 150102] đang xếp hàng ➔ [WAITING]
2026-07-30 15:04:03 [INFO] -> [RENDER QUEUE] GPU đang tính toán khung hình ➔ [RENDERING]
2026-07-30 15:04:03 [INFO] -> [AGENT NODE 8] [✓] Hoàn tất Shot [150102] -> Khóa trạng thái COMPLETED.
2026-07-30 15:04:03 [INFO] -> [AGENT NODE 4] Thao tác: Trộn câu lệnh Prompt Ma trận cho Shot [150103]...
2026-07-30 15:04:03 [INFO] -> [PROMPT CORES] Đang thực thi trộn ma trận Token 9 lớp cho Shot ID: [150103]
2026-07-30 15:04:03 [INFO] -> [AGENT NODE 5] Thao tác: Đẩy Shot [150103] vào hàng đợi phần cứng GPU...
2026-07-30 15:04:04 [INFO] -> [RENDER QUEUE] Cú máy [Shot ID: 150103] đang xếp hàng ➔ [WAITING]
2026-07-30 15:04:04 [INFO] -> [RENDER QUEUE] GPU đang tính toán khung hình ➔ [RENDERING]
2026-07-30 15:04:04 [INFO] -> [AGENT NODE 8] [✓] Hoàn tất Shot [150103] -> Khóa trạng thái COMPLETED.
2026-07-30 15:04:04 [INFO] -> =============================================================================
2026-07-30 15:04:04 [INFO] -> [🤖 AGENT SUCCESS] QUY TRÌNH TỰ TRỊ HOÀN THÀNH XUẤT SẮC! TIẾN ĐỘ ĐẠT 100% [✓]
2026-07-30 15:04:04 [INFO] -> =============================================================================
2026-07-30 15:04:04 [INFO] -> [CONSISTENCY] Phát hiện yêu cầu thay đổi diện mạo [HAIR] cho nhân vật [To Moc] -> 'short black hair'
2026-07-30 15:04:04 [INFO] -> [✓ SUCCESS] Lan truyền thành công! Đã đồng bộ diện mạo mới cho 1 cú máy chưa render.
2026-07-30 15:04:05 [INFO] -> [CONTROLLER] Tiếp nhận gói chỉ thị sản xuất từ tầng GUI cho Tập phim 15...
2026-07-30 15:04:05 [INFO] -> [STORYBOARD] Đang thực thi bóc tách logic đơn nhất (Single Responsibility)...
2026-07-30 15:04:05 [INFO] -> [SDK ENGINE] Plugin [LTX_STUDIO_AUTOMATION] đã được kích hoạt trên hệ thống.
2026-07-30 15:04:05 [INFO] -> [LTX_STUDIO_AUTOMATION] Đang thiết lập cấu hình khóa bảo mật API Stream...
2026-07-30 15:04:05 [INFO] -> =============================================================================
2026-07-30 15:04:05 [INFO] -> [🤖 AI AGENT] BẮT ĐẦU VÒNG ĐỜI ĐIỀU PHỐI TỰ TRỊ CHO TẬP PHIM 15...
2026-07-30 15:04:05 [INFO] -> =============================================================================
2026-07-30 15:04:05 [INFO] -> [AGENT NODE 1] Thao tác: Đọc phân tích cấu trúc chữ Chapter...
2026-07-30 15:04:05 [INFO] -> [AGENT NODE 2] Thao tác: Tự động phân rã mạch truyện thành các phân cảnh lớn...
2026-07-30 15:04:05 [INFO] -> [AGENT NODE 3] Thao tác: Phân rã Scene [1501] thành các Shots...
2026-07-30 15:04:05 [INFO] -> Shot Builder: Đang bẻ phân cảnh ID [1501] theo phân lớp Studio...
2026-07-30 15:04:05 [INFO] -> [AGENT NODE 4] Thao tác: Trộn câu lệnh Prompt Ma trận cho Shot [150101]...
2026-07-30 15:04:05 [INFO] -> [DREAMFORGE CORE] Tiến hành gộp ma trận tham số điện ảnh tĩnh...
2026-07-30 15:04:05 [INFO] -> [CAMERA PLANNER] Đã ghim thông số: Khung hình=Wide Shot, Ống kính=24mm, Chuyển động=Slow Push
2026-07-30 15:04:05 [INFO] -> [LIGHTING PLANNER] Đã ghim bộ lọc: Morning (Volumetric with Sun Rays)
2026-07-30 15:04:05 [INFO] -> [FX PLANNER] Đã khóa bộ hạt môi trường: Gió=[gentle blowing wind], Hiệu ứng=[falling cinematic tree leaves]
2026-07-30 15:04:05 [INFO] -> [AUDIO PLANNER] Đã cấu trúc chỉ thị âm thanh: Nhạc=[traditional chinese orchestra]
2026-07-30 15:04:05 [INFO] -> [AGENT NODE 5 & 6] Thao tác: Phát chỉ thị xuống LTX Adapter để Render và sao chép Clipboard...
2026-07-30 15:04:05 [INFO] -> [LTX_STUDIO_AUTOMATION] [GPU ENGAGED] Đang đẩy chỉ thị Render cho shot_150101...
2026-07-30 15:04:05 [INFO] -> [AGENT NODE 4] Thao tác: Trộn câu lệnh Prompt Ma trận cho Shot [150102]...
2026-07-30 15:04:05 [INFO] -> [DREAMFORGE CORE] Tiến hành gộp ma trận tham số điện ảnh tĩnh...
2026-07-30 15:04:05 [INFO] -> [CAMERA PLANNER] Đã ghim thông số: Khung hình=Close-Up Shot, Ống kính=85mm, Chuyển động=Static
2026-07-30 15:04:05 [INFO] -> [LIGHTING PLANNER] Đã ghim bộ lọc: Morning (Volumetric with Sun Rays)
2026-07-30 15:04:05 [INFO] -> [FX PLANNER] Đã khóa bộ hạt môi trường: Gió=[gentle blowing wind], Hiệu ứng=[falling cinematic tree leaves]
2026-07-30 15:04:05 [INFO] -> [AUDIO PLANNER] Đã cấu trúc chỉ thị âm thanh: Nhạc=[traditional chinese orchestra]
2026-07-30 15:04:05 [INFO] -> [AGENT NODE 5 & 6] Thao tác: Phát chỉ thị xuống LTX Adapter để Render và sao chép Clipboard...
2026-07-30 15:04:05 [INFO] -> [LTX_STUDIO_AUTOMATION] [GPU ENGAGED] Đang đẩy chỉ thị Render cho shot_150102...
2026-07-30 15:04:05 [INFO] -> [AGENT NODE 7] Thao tác: Kích hoạt Episode Builder gộp nối toàn bộ Shots...
2026-07-30 15:04:05 [INFO] -> [EPISODE BUILDER] Kích hoạt luồng đóng gói Tập phim 15...
2026-07-30 15:04:05 [INFO] ->  -> Danh sách phân cảnh tích hợp: ['scene_01']
2026-07-30 15:04:07 [INFO] -> [SUCCESS] Quy trình đóng gói hoàn tất. Tệp phim dài sẵn sàng: 'projects\ToanDanTaoPhong\exports\Episode15.mp4'
2026-07-30 15:04:07 [INFO] -> [AGENT NODE 8] [✓] Đăng tải tự động lên YouTube thành công! Tiến độ: 100%
2026-07-30 15:04:07 [INFO] -> =============================================================================
2026-07-30 15:04:07 [INFO] -> [SCHEDULER] Điều phối mạch sản xuất phân tầng cho Tập phim 15...
2026-07-30 15:04:07 [INFO] -> [API] ➔ [1/5] open_project: Khai hỏa dự án phim 'ToanDanTaoPhong'
2026-07-30 15:04:07 [INFO] -> [API] ➔ [2/5] current_scene: Đóng băng không gian Cảnh phim ID: [1501]
2026-07-30 15:04:07 [INFO] -> [API] ➔ [3/5] get_character: Nạp Token diện mạo cho nhân vật 'To Moc'
2026-07-30 15:04:07 [INFO] -> [API] ➔ [4/5] build_prompt: Đang xếp chồng các lớp Component Token...
2026-07-30 15:04:07 [INFO] -> [API] ➔ [5/5] render: Đang đẩy payload sang hàng đợi GPU phần cứng...
2026-07-30 15:04:08 [INFO] -> [EPISODE SERVICE] Đang tính toán ma trận tiến độ cho Tập phim 15...
2026-07-30 15:04:08 [INFO] -> [SDK ENGINE] Plugin [LTX_STUDIO_AUTOMATION] đã được kích hoạt trên hệ thống.
2026-07-30 15:04:08 [INFO] -> [LTX_STUDIO_AUTOMATION] [GPU ENGAGED] Đang đẩy chỉ thị Render cho scene_01...
2026-07-30 15:04:08 [INFO] -> [SDK ENGINE] Plugin [LTX_STUDIO_AUTOMATION] đã tạm dừng kích hoạt.
2026-07-30 15:04:15 [INFO] -> [LTX WORKSPACE] Cú máy [Shot ID: 150101] đã chuyển trạng thái thành công sang -> [APPROVED]
2026-07-30 15:04:15 [INFO] -> [SCHEDULER] Điều phối mạch sản xuất phân tầng cho Tập phim 15...
2026-07-30 15:04:15 [INFO] -> [TIMELINE ENGINE] Cú máy [Shot ID: 150101] đã được cập nhật thời lượng mới -> 5.5s
2026-07-30 15:04:16 [INFO] -> [DREAMFORGE CORE] Tiến hành gộp ma trận tham số điện ảnh tĩnh...
2026-07-30 15:04:16 [INFO] -> [CAMERA PLANNER] Đã ghim thông số: Khung hình=Wide Shot, Ống kính=24mm, Chuyển động=Slow Push
2026-07-30 15:04:16 [INFO] -> [LIGHTING PLANNER] Đã ghim bộ lọc: Morning (Volumetric with Sun Rays)
2026-07-30 15:04:16 [INFO] -> [FX PLANNER] Đã khóa bộ hạt môi trường: Gió=[gentle blowing wind], Hiệu ứng=[falling cinematic tree leaves]
2026-07-30 15:04:16 [INFO] -> [AUDIO PLANNER] Đã cấu trúc chỉ thị âm thanh: Nhạc=[traditional chinese orchestra]
2026-07-30 15:04:16 [INFO] -> [PROMPT SERVICE] Biên dịch Prompt thông qua lớp Template...
2026-07-30 15:04:16 [INFO] -> [PROMPT TEMPLATE] Đã biên dịch thành công mẫu câu lệnh [Key: DONGHUA_3D]
2026-07-30 15:04:16 [INFO] -> [PROMPT CORES] Đang thực thi trộn ma trận Token 9 lớp cho Shot ID: [150101]
2026-07-30 15:04:16 [INFO] -> [PROMPT CORES] Đang thực thi trộn ma trận Token 9 lớp cho Shot ID: [150101]
2026-07-30 15:04:16 [WARNING] -> [RETRY ENGINE] Kích hoạt lệnh cứu hộ! Đang tái nạp hàng đợi cho Shot Lỗi: [150109]
2026-07-30 15:04:17 [INFO] -> [RENDER QUEUE] Cú máy [Shot ID: 150109] đang xếp hàng ➔ [WAITING]
2026-07-30 15:04:17 [INFO] -> [RENDER QUEUE] GPU đang tính toán khung hình ➔ [RENDERING]
2026-07-30 15:04:18 [INFO] -> [EXPORT CENTER] Đang kích hoạt dây chuyền đóng gói thương mại cho Tập phim 15...
2026-07-30 15:04:18 [INFO] -> [✓ SUCCESS] Đóng gói thành công! Metadata SEO đã được khóa ổn định.
2026-07-30 15:04:18 [INFO] -> [SCENE INTEL] Đang phân rã gói dữ liệu cấu trúc YAML của Đạo diễn AI...
2026-07-30 15:04:18 [INFO] ->  -> [✓] Tiêu đề cảnh: Gặp nhau tại học viện
2026-07-30 15:04:18 [INFO] ->  -> [✓] Trạng thái cảm xúc phát hiện: ['Bình tĩnh', 'Mong chờ']
2026-07-30 15:04:18 [INFO] ->  -> [✓] Danh sách góc máy chỉ định: ['Establishing Shot', 'Medium Shot', 'Close Up']
2026-07-30 15:04:18 [INFO] -> [LTX_STUDIO_AUTOMATION] Đang thiết lập cấu hình khóa bảo mật API Stream...
2026-07-30 15:04:18 [INFO] -> [SDK ENGINE] Plugin [LTX_STUDIO_AUTOMATION] đã được kích hoạt trên hệ thống.
2026-07-30 15:04:18 [INFO] -> [LTX_STUDIO_AUTOMATION] [GPU ENGAGED] Đang đẩy chỉ thị Render cho shot_1501...
2026-07-30 15:04:19 [INFO] -> [SHOT MANAGER] Tiến hành bẻ nhỏ Scene ID [15] thành chuỗi cắt cảnh...
2026-07-30 15:04:19 [INFO] ->  -> [✓] Khởi tạo Shot 01: ESTABLISHING | Thời lượng: 5.0s
2026-07-30 15:04:19 [INFO] ->  -> [✓] Khởi tạo Shot 02: WALKING | Thời lượng: 4.0s
2026-07-30 15:04:19 [INFO] ->  -> [✓] Khởi tạo Shot 03: DIALOGUE | Thời lượng: 4.0s
2026-07-30 15:04:19 [INFO] -> [SHOT PLANNER] Đang khởi chạy ma trận phân rã góc máy cho Scene ID: [701]
2026-07-30 15:04:19 [INFO] ->  -> Khởi tạo thành công: [Shot 01] Ngữ cảnh: ESTABLISHING | Thời lượng: 5.0s
2026-07-30 15:04:19 [INFO] ->  -> Khởi tạo thành công: [Shot 02] Ngữ cảnh: DOOR OPENING | Thời lượng: 4.0s
2026-07-30 15:04:19 [INFO] ->  -> Khởi tạo thành công: [Shot 03] Ngữ cảnh: REACTION | Thời lượng: 2.0s
2026-07-30 15:04:19 [INFO] ->  -> Khởi tạo thành công: [Shot 04] Ngữ cảnh: DIALOGUE | Thời lượng: 3.0s
2026-07-30 15:04:19 [INFO] -> [CAMERA PLANNER] Đã ghim thông số: Khung hình=Wide Shot, Ống kính=24mm, Chuyển động=Slow Push
2026-07-30 15:04:19 [INFO] -> [LIGHTING PLANNER] Đã ghim bộ lọc: Morning (Volumetric with Sun Rays)
2026-07-30 15:04:19 [INFO] -> [AI DIRECTOR] Đang bóc tách chỉ đạo nghệ thuật cho Cú máy số 01...
2026-07-30 15:04:20 [INFO] -> [WORKFLOW] Mạch sản xuất tịnh tiến: [EPISODE] ➔ ➔ ➔ [CHAPTER]
2026-07-30 15:04:20 [INFO] -> [WORKFLOW] Mạch sản xuất tịnh tiến: [CHAPTER] ➔ ➔ ➔ [SCENE]
2026-07-30 15:04:20 [INFO] -> [WORKFLOW] Mạch sản xuất tịnh tiến: [SCENE] ➔ ➔ ➔ [SHOT]
2026-07-30 15:04:20 [INFO] -> [WORKFLOW] Mạch sản xuất tịnh tiến: [SHOT] ➔ ➔ ➔ [ASSET]
2026-07-30 15:04:20 [INFO] -> [WORKFLOW] Mạch sản xuất tịnh tiến: [ASSET] ➔ ➔ ➔ [PROMPT]
2026-07-30 15:04:20 [INFO] -> [WORKFLOW] Mạch sản xuất tịnh tiến: [PROMPT] ➔ ➔ ➔ [RENDER]
2026-07-30 15:04:20 [INFO] -> [WORKFLOW] Mạch sản xuất tịnh tiến: [RENDER] ➔ ➔ ➔ [REVIEW]
2026-07-30 15:04:20 [INFO] -> [WORKFLOW] Mạch sản xuất tịnh tiến: [REVIEW] ➔ ➔ ➔ [EXPORT]
2026-07-30 15:04:20 [INFO] -> [STORYBOARD] Đang thực thi bóc tách logic đơn nhất (Single Responsibility)...
2026-07-30 15:04:21 [INFO] -> Prompt Builder: Đã áp dụng mẫu [ltx_action] tự động cho [SCENE_01_002]
2026-07-30 15:04:21 [INFO] -> Prompt Builder: Đã áp dụng mẫu [ltx_dialogue] tự động cho [SCENE_01_001]
2026-07-30 15:04:21 [INFO] -> Prompt Builder 2.0: Đã hoàn tất ma trận sinh Prompt cho [Shot ID: 150101].
2026-07-30 15:04:21 [INFO] -> Prompt Builder 2.0: Đã hoàn tất ma trận sinh Prompt cho [Shot ID: 150102].
2026-07-30 15:04:21 [INFO] -> [DREAMFORGE CORE] Tiến hành gộp ma trận tham số điện ảnh tĩnh...
2026-07-30 15:04:21 [INFO] -> [CAMERA PLANNER] Đã ghim thông số: Khung hình=Close-Up Shot, Ống kính=85mm, Chuyển động=Static
2026-07-30 15:04:21 [INFO] -> [LIGHTING PLANNER] Đã ghim bộ lọc: Morning (Volumetric with Sun Rays)
2026-07-30 15:04:21 [INFO] -> [FX PLANNER] Đã khóa bộ hạt môi trường: Gió=[gentle blowing wind], Hiệu ứng=[falling cinematic tree leaves]
2026-07-30 15:04:21 [INFO] -> [AUDIO PLANNER] Đã cấu trúc chỉ thị âm thanh: Nhạc=[traditional chinese orchestra]
2026-07-30 15:04:21 [INFO] -> [SDK ENGINE] Plugin [LTX_STUDIO_ADAPTER] đã được kích hoạt trên hệ thống.
2026-07-30 15:04:21 [INFO] -> [LTX_STUDIO_ADAPTER] Khởi tạo cổng kết nối hạ tầng phần cứng LTX: ĐẠT [✓]
2026-07-30 15:04:21 [INFO] -> [LTX_STUDIO_ADAPTER] Đang tính toán phân rã trường ảnh kết xuất cho shot_01...
2026-07-30 15:04:21 [INFO] -> [SDK ENGINE] Plugin [LTX_STUDIO_ADAPTER] đã tạm hủy kích hoạt.
2026-07-30 15:04:21 [INFO] -> [ASSET MANAGER] Khởi tạo thành công cây thư mục lưu trữ: projects\ToanDanTaoPhong_Test\renders\scenes
2026-07-30 15:04:22 [INFO] -> [ASSET MANAGER] Đã đồng bộ cú máy vật lý -> [projects\ToanDanTaoPhong_Test\renders\scenes\Shot01.mp4]
2026-07-30 15:05:47 [INFO] -> =============================================================================
2026-07-30 15:05:47 [INFO] -> [🤖 AI AGENT] BẮT ĐẦU VÒNG ĐỜI ĐIỀU PHỐI TỰ TRỊ CHO TẬP PHIM 15...
2026-07-30 15:05:47 [INFO] -> =============================================================================
2026-07-30 15:05:47 [INFO] -> [AGENT NODE 1] Thao tác: Đọc phân tích cấu trúc chữ Chapter...
2026-07-30 15:05:47 [INFO] -> [AGENT NODE 2] Thao tác: Tự động phân rã mạch truyện thành các phân cảnh lớn...
2026-07-30 15:05:47 [INFO] -> [AGENT NODE 3] Thao tác: Phân rã Scene [1501] thành các Shots...
2026-07-30 15:05:47 [INFO] -> [SHOT MANAGER] Tiến hành bẻ nhỏ Scene ID [1501] thành chuỗi cắt cảnh...
2026-07-30 15:05:47 [INFO] ->  -> [✓] Khởi tạo Shot 01: ESTABLISHING | Thời lượng: 5.0s
2026-07-30 15:05:47 [INFO] ->  -> [✓] Khởi tạo Shot 02: WALKING | Thời lượng: 4.0s
2026-07-30 15:05:47 [INFO] ->  -> [✓] Khởi tạo Shot 03: DIALOGUE | Thời lượng: 4.0s
2026-07-30 15:05:47 [INFO] -> [AGENT NODE 4] Thao tác: Trộn câu lệnh Prompt Ma trận cho Shot [150101]...
2026-07-30 15:05:47 [INFO] -> [PROMPT CORES] Đang thực thi trộn ma trận Token 9 lớp cho Shot ID: [150101]
2026-07-30 15:05:47 [INFO] -> [AGENT NODE 5] Thao tác: Đẩy Shot [150101] vào hàng đợi phần cứng GPU...
2026-07-30 15:05:47 [INFO] -> [RENDER QUEUE] Cú máy [Shot ID: 150101] đang xếp hàng ➔ [WAITING]
2026-07-30 15:05:47 [INFO] -> [RENDER QUEUE] GPU đang tính toán khung hình ➔ [RENDERING]
2026-07-30 15:05:48 [INFO] -> [AGENT NODE 8] [✓] Hoàn tất Shot [150101] -> Khóa trạng thái COMPLETED.
2026-07-30 15:05:48 [INFO] -> [AGENT NODE 4] Thao tác: Trộn câu lệnh Prompt Ma trận cho Shot [150102]...
2026-07-30 15:05:48 [INFO] -> [PROMPT CORES] Đang thực thi trộn ma trận Token 9 lớp cho Shot ID: [150102]
2026-07-30 15:05:48 [INFO] -> [AGENT NODE 5] Thao tác: Đẩy Shot [150102] vào hàng đợi phần cứng GPU...
2026-07-30 15:05:48 [INFO] -> [RENDER QUEUE] Cú máy [Shot ID: 150102] đang xếp hàng ➔ [WAITING]
2026-07-30 15:05:48 [INFO] -> [RENDER QUEUE] GPU đang tính toán khung hình ➔ [RENDERING]
2026-07-30 15:05:48 [INFO] -> [AGENT NODE 8] [✓] Hoàn tất Shot [150102] -> Khóa trạng thái COMPLETED.
2026-07-30 15:05:48 [INFO] -> [AGENT NODE 4] Thao tác: Trộn câu lệnh Prompt Ma trận cho Shot [150103]...
2026-07-30 15:05:48 [INFO] -> [PROMPT CORES] Đang thực thi trộn ma trận Token 9 lớp cho Shot ID: [150103]
2026-07-30 15:05:48 [INFO] -> [AGENT NODE 5] Thao tác: Đẩy Shot [150103] vào hàng đợi phần cứng GPU...
2026-07-30 15:05:48 [INFO] -> [RENDER QUEUE] Cú máy [Shot ID: 150103] đang xếp hàng ➔ [WAITING]
2026-07-30 15:05:49 [INFO] -> [RENDER QUEUE] GPU đang tính toán khung hình ➔ [RENDERING]
2026-07-30 15:05:49 [INFO] -> [AGENT NODE 8] [✓] Hoàn tất Shot [150103] -> Khóa trạng thái COMPLETED.
2026-07-30 15:05:49 [INFO] -> =============================================================================
2026-07-30 15:05:49 [INFO] -> [🤖 AGENT SUCCESS] QUY TRÌNH TỰ TRỊ HOÀN THÀNH XUẤT SẮC! TIẾN ĐỘ ĐẠT 100% [✓]
2026-07-30 15:05:49 [INFO] -> =============================================================================
2026-07-30 15:05:49 [INFO] -> [CONSISTENCY] Phát hiện yêu cầu thay đổi diện mạo [HAIR] cho nhân vật [To Moc] -> 'short black hair'
2026-07-30 15:05:49 [INFO] -> [✓ SUCCESS] Lan truyền thành công! Đã đồng bộ diện mạo mới cho 1 cú máy chưa render.
2026-07-30 15:05:50 [INFO] -> [CONTROLLER] Tiếp nhận gói chỉ thị sản xuất từ tầng GUI cho Tập phim 15...
2026-07-30 15:05:50 [INFO] -> [STORYBOARD] Đang thực thi bóc tách logic đơn nhất (Single Responsibility)...
2026-07-30 15:05:50 [INFO] -> [SDK ENGINE] Plugin [LTX_STUDIO_AUTOMATION] đã được kích hoạt trên hệ thống.
2026-07-30 15:05:50 [INFO] -> [LTX_STUDIO_AUTOMATION] Đang thiết lập cấu hình khóa bảo mật API Stream...
2026-07-30 15:05:50 [INFO] -> =============================================================================
2026-07-30 15:05:50 [INFO] -> [🤖 AI AGENT] BẮT ĐẦU VÒNG ĐỜI ĐIỀU PHỐI TỰ TRỊ CHO TẬP PHIM 15...
2026-07-30 15:05:50 [INFO] -> =============================================================================
2026-07-30 15:05:50 [INFO] -> [AGENT NODE 1] Thao tác: Đọc phân tích cấu trúc chữ Chapter...
2026-07-30 15:05:50 [INFO] -> [AGENT NODE 2] Thao tác: Tự động phân rã mạch truyện thành các phân cảnh lớn...
2026-07-30 15:05:50 [INFO] -> [AGENT NODE 3] Thao tác: Phân rã Scene [1501] thành các Shots...
2026-07-30 15:05:50 [INFO] -> Shot Builder: Đang bẻ phân cảnh ID [1501] theo phân lớp Studio...
2026-07-30 15:05:50 [INFO] -> [AGENT NODE 4] Thao tác: Trộn câu lệnh Prompt Ma trận cho Shot [150101]...
2026-07-30 15:05:50 [INFO] -> [DREAMFORGE CORE] Tiến hành gộp ma trận tham số điện ảnh tĩnh...
2026-07-30 15:05:50 [INFO] -> [CAMERA PLANNER] Đã ghim thông số: Khung hình=Wide Shot, Ống kính=24mm, Chuyển động=Slow Push
2026-07-30 15:05:50 [INFO] -> [LIGHTING PLANNER] Đã ghim bộ lọc: Morning (Volumetric with Sun Rays)
2026-07-30 15:05:50 [INFO] -> [FX PLANNER] Đã khóa bộ hạt môi trường: Gió=[gentle blowing wind], Hiệu ứng=[falling cinematic tree leaves]
2026-07-30 15:05:50 [INFO] -> [AUDIO PLANNER] Đã cấu trúc chỉ thị âm thanh: Nhạc=[traditional chinese orchestra]
2026-07-30 15:05:50 [INFO] -> [AGENT NODE 5 & 6] Thao tác: Phát chỉ thị xuống LTX Adapter để Render và sao chép Clipboard...
2026-07-30 15:05:50 [INFO] -> [LTX_STUDIO_AUTOMATION] [GPU ENGAGED] Đang đẩy chỉ thị Render cho shot_150101...
2026-07-30 15:05:50 [INFO] -> [AGENT NODE 4] Thao tác: Trộn câu lệnh Prompt Ma trận cho Shot [150102]...
2026-07-30 15:05:50 [INFO] -> [DREAMFORGE CORE] Tiến hành gộp ma trận tham số điện ảnh tĩnh...
2026-07-30 15:05:50 [INFO] -> [CAMERA PLANNER] Đã ghim thông số: Khung hình=Close-Up Shot, Ống kính=85mm, Chuyển động=Static
2026-07-30 15:05:50 [INFO] -> [LIGHTING PLANNER] Đã ghim bộ lọc: Morning (Volumetric with Sun Rays)
2026-07-30 15:05:50 [INFO] -> [FX PLANNER] Đã khóa bộ hạt môi trường: Gió=[gentle blowing wind], Hiệu ứng=[falling cinematic tree leaves]
2026-07-30 15:05:50 [INFO] -> [AUDIO PLANNER] Đã cấu trúc chỉ thị âm thanh: Nhạc=[traditional chinese orchestra]
2026-07-30 15:05:50 [INFO] -> [AGENT NODE 5 & 6] Thao tác: Phát chỉ thị xuống LTX Adapter để Render và sao chép Clipboard...
2026-07-30 15:05:50 [INFO] -> [LTX_STUDIO_AUTOMATION] [GPU ENGAGED] Đang đẩy chỉ thị Render cho shot_150102...
2026-07-30 15:05:50 [INFO] -> [AGENT NODE 7] Thao tác: Kích hoạt Episode Builder gộp nối toàn bộ Shots...
2026-07-30 15:05:50 [INFO] -> [EPISODE BUILDER] Kích hoạt luồng đóng gói Tập phim 15...
2026-07-30 15:05:50 [INFO] ->  -> Danh sách phân cảnh tích hợp: ['scene_01']
2026-07-30 15:05:52 [INFO] -> [SUCCESS] Quy trình đóng gói hoàn tất. Tệp phim dài sẵn sàng: 'projects\ToanDanTaoPhong\exports\Episode15.mp4'
2026-07-30 15:05:52 [INFO] -> [AGENT NODE 8] [✓] Đăng tải tự động lên YouTube thành công! Tiến độ: 100%
2026-07-30 15:05:52 [INFO] -> =============================================================================
2026-07-30 15:05:52 [INFO] -> [SCHEDULER] Điều phối mạch sản xuất phân tầng cho Tập phim 15...
2026-07-30 15:05:52 [INFO] -> [API] ➔ [1/5] open_project: Khai hỏa dự án phim 'ToanDanTaoPhong'
2026-07-30 15:05:52 [INFO] -> [API] ➔ [2/5] current_scene: Đóng băng không gian Cảnh phim ID: [1501]
2026-07-30 15:05:52 [INFO] -> [API] ➔ [3/5] get_character: Nạp Token diện mạo cho nhân vật 'To Moc'
2026-07-30 15:05:52 [INFO] -> [API] ➔ [4/5] build_prompt: Đang xếp chồng các lớp Component Token...
2026-07-30 15:05:52 [INFO] -> [API] ➔ [5/5] render: Đang đẩy payload sang hàng đợi GPU phần cứng...
2026-07-30 15:05:53 [INFO] -> [EPISODE SERVICE] Đang tính toán ma trận tiến độ cho Tập phim 15...
2026-07-30 15:05:53 [INFO] -> [SDK ENGINE] Plugin [LTX_STUDIO_AUTOMATION] đã được kích hoạt trên hệ thống.
2026-07-30 15:05:53 [INFO] -> [LTX_STUDIO_AUTOMATION] [GPU ENGAGED] Đang đẩy chỉ thị Render cho scene_01...
2026-07-30 15:05:53 [INFO] -> [SDK ENGINE] Plugin [LTX_STUDIO_AUTOMATION] đã tạm dừng kích hoạt.
2026-07-30 15:05:58 [INFO] -> [LTX WORKSPACE] Cú máy [Shot ID: 150101] đã chuyển trạng thái thành công sang -> [APPROVED]
2026-07-30 15:05:58 [INFO] -> [SCHEDULER] Điều phối mạch sản xuất phân tầng cho Tập phim 15...
2026-07-30 15:05:58 [INFO] -> [TIMELINE ENGINE] Cú máy [Shot ID: 150101] đã được cập nhật thời lượng mới -> 5.5s
2026-07-30 15:05:58 [INFO] -> [DREAMFORGE CORE] Tiến hành gộp ma trận tham số điện ảnh tĩnh...
2026-07-30 15:05:58 [INFO] -> [CAMERA PLANNER] Đã ghim thông số: Khung hình=Wide Shot, Ống kính=24mm, Chuyển động=Slow Push
2026-07-30 15:05:58 [INFO] -> [LIGHTING PLANNER] Đã ghim bộ lọc: Morning (Volumetric with Sun Rays)
2026-07-30 15:05:58 [INFO] -> [FX PLANNER] Đã khóa bộ hạt môi trường: Gió=[gentle blowing wind], Hiệu ứng=[falling cinematic tree leaves]
2026-07-30 15:05:58 [INFO] -> [AUDIO PLANNER] Đã cấu trúc chỉ thị âm thanh: Nhạc=[traditional chinese orchestra]
2026-07-30 15:05:58 [INFO] -> [PROMPT SERVICE] Biên dịch Prompt thông qua lớp Template...
2026-07-30 15:05:58 [INFO] -> [PROMPT TEMPLATE] Đã biên dịch thành công mẫu câu lệnh [Key: DONGHUA_3D]
2026-07-30 15:05:58 [INFO] -> [PROMPT CORES] Đang thực thi trộn ma trận Token 9 lớp cho Shot ID: [150101]
2026-07-30 15:05:58 [INFO] -> [PROMPT CORES] Đang thực thi trộn ma trận Token 9 lớp cho Shot ID: [150101]
2026-07-30 15:05:58 [WARNING] -> [RETRY ENGINE] Kích hoạt lệnh cứu hộ! Đang tái nạp hàng đợi cho Shot Lỗi: [150109]
2026-07-30 15:05:58 [INFO] -> [RENDER QUEUE] Cú máy [Shot ID: 150109] đang xếp hàng ➔ [WAITING]
2026-07-30 15:05:58 [INFO] -> [RENDER QUEUE] GPU đang tính toán khung hình ➔ [RENDERING]
2026-07-30 15:05:59 [INFO] -> [EXPORT CENTER] Đang kích hoạt dây chuyền đóng gói thương mại cho Tập phim 15...
2026-07-30 15:05:59 [INFO] -> [✓ SUCCESS] Đóng gói thành công! Metadata SEO đã được khóa ổn định.
2026-07-30 15:05:59 [INFO] -> [SCENE INTEL] Đang phân rã gói dữ liệu cấu trúc YAML của Đạo diễn AI...
2026-07-30 15:05:59 [INFO] ->  -> [✓] Tiêu đề cảnh: Gặp nhau tại học viện
2026-07-30 15:05:59 [INFO] ->  -> [✓] Trạng thái cảm xúc phát hiện: ['Bình tĩnh', 'Mong chờ']
2026-07-30 15:05:59 [INFO] ->  -> [✓] Danh sách góc máy chỉ định: ['Establishing Shot', 'Medium Shot', 'Close Up']
2026-07-30 15:05:59 [INFO] -> [LTX_STUDIO_AUTOMATION] Đang thiết lập cấu hình khóa bảo mật API Stream...
2026-07-30 15:05:59 [INFO] -> [SDK ENGINE] Plugin [LTX_STUDIO_AUTOMATION] đã được kích hoạt trên hệ thống.
2026-07-30 15:05:59 [INFO] -> [LTX_STUDIO_AUTOMATION] [GPU ENGAGED] Đang đẩy chỉ thị Render cho shot_1501...
2026-07-30 15:05:59 [INFO] -> [SHOT MANAGER] Tiến hành bẻ nhỏ Scene ID [15] thành chuỗi cắt cảnh...
2026-07-30 15:05:59 [INFO] ->  -> [✓] Khởi tạo Shot 01: ESTABLISHING | Thời lượng: 5.0s
2026-07-30 15:05:59 [INFO] ->  -> [✓] Khởi tạo Shot 02: WALKING | Thời lượng: 4.0s
2026-07-30 15:05:59 [INFO] ->  -> [✓] Khởi tạo Shot 03: DIALOGUE | Thời lượng: 4.0s
2026-07-30 15:06:00 [INFO] -> [SHOT PLANNER] Đang khởi chạy ma trận phân rã góc máy cho Scene ID: [701]
2026-07-30 15:06:00 [INFO] ->  -> Khởi tạo thành công: [Shot 01] Ngữ cảnh: ESTABLISHING | Thời lượng: 5.0s
2026-07-30 15:06:00 [INFO] ->  -> Khởi tạo thành công: [Shot 02] Ngữ cảnh: DOOR OPENING | Thời lượng: 4.0s
2026-07-30 15:06:00 [INFO] ->  -> Khởi tạo thành công: [Shot 03] Ngữ cảnh: REACTION | Thời lượng: 2.0s
2026-07-30 15:06:00 [INFO] ->  -> Khởi tạo thành công: [Shot 04] Ngữ cảnh: DIALOGUE | Thời lượng: 3.0s
2026-07-30 15:06:00 [INFO] -> [CAMERA PLANNER] Đã ghim thông số: Khung hình=Wide Shot, Ống kính=24mm, Chuyển động=Slow Push
2026-07-30 15:06:00 [INFO] -> [LIGHTING PLANNER] Đã ghim bộ lọc: Morning (Volumetric with Sun Rays)
2026-07-30 15:06:00 [INFO] -> [AI DIRECTOR] Đang bóc tách chỉ đạo nghệ thuật cho Cú máy số 01...
2026-07-30 15:06:00 [INFO] -> [WORKFLOW] Mạch sản xuất tịnh tiến: [EPISODE] ➔ ➔ ➔ [CHAPTER]
2026-07-30 15:06:00 [INFO] -> [WORKFLOW] Mạch sản xuất tịnh tiến: [CHAPTER] ➔ ➔ ➔ [SCENE]
2026-07-30 15:06:00 [INFO] -> [WORKFLOW] Mạch sản xuất tịnh tiến: [SCENE] ➔ ➔ ➔ [SHOT]
2026-07-30 15:06:00 [INFO] -> [WORKFLOW] Mạch sản xuất tịnh tiến: [SHOT] ➔ ➔ ➔ [ASSET]
2026-07-30 15:06:00 [INFO] -> [WORKFLOW] Mạch sản xuất tịnh tiến: [ASSET] ➔ ➔ ➔ [PROMPT]
2026-07-30 15:06:00 [INFO] -> [WORKFLOW] Mạch sản xuất tịnh tiến: [PROMPT] ➔ ➔ ➔ [RENDER]
2026-07-30 15:06:00 [INFO] -> [WORKFLOW] Mạch sản xuất tịnh tiến: [RENDER] ➔ ➔ ➔ [REVIEW]
2026-07-30 15:06:00 [INFO] -> [WORKFLOW] Mạch sản xuất tịnh tiến: [REVIEW] ➔ ➔ ➔ [EXPORT]
2026-07-30 15:06:00 [INFO] -> [STORYBOARD] Đang thực thi bóc tách logic đơn nhất (Single Responsibility)...
2026-07-30 15:06:00 [INFO] -> Prompt Builder: Đã áp dụng mẫu [ltx_action] tự động cho [SCENE_01_002]
2026-07-30 15:06:00 [INFO] -> Prompt Builder: Đã áp dụng mẫu [ltx_dialogue] tự động cho [SCENE_01_001]
2026-07-30 15:06:00 [INFO] -> Prompt Builder 2.0: Đã hoàn tất ma trận sinh Prompt cho [Shot ID: 150101].
2026-07-30 15:06:01 [INFO] -> Prompt Builder 2.0: Đã hoàn tất ma trận sinh Prompt cho [Shot ID: 150102].
2026-07-30 15:06:01 [INFO] -> [DREAMFORGE CORE] Tiến hành gộp ma trận tham số điện ảnh tĩnh...
2026-07-30 15:06:01 [INFO] -> [CAMERA PLANNER] Đã ghim thông số: Khung hình=Close-Up Shot, Ống kính=85mm, Chuyển động=Static
2026-07-30 15:06:01 [INFO] -> [LIGHTING PLANNER] Đã ghim bộ lọc: Morning (Volumetric with Sun Rays)
2026-07-30 15:06:01 [INFO] -> [FX PLANNER] Đã khóa bộ hạt môi trường: Gió=[gentle blowing wind], Hiệu ứng=[falling cinematic tree leaves]
2026-07-30 15:06:01 [INFO] -> [AUDIO PLANNER] Đã cấu trúc chỉ thị âm thanh: Nhạc=[traditional chinese orchestra]
2026-07-30 15:06:01 [INFO] -> [SDK ENGINE] Plugin [LTX_STUDIO_ADAPTER] đã được kích hoạt trên hệ thống.
2026-07-30 15:06:01 [INFO] -> [LTX_STUDIO_ADAPTER] Khởi tạo cổng kết nối hạ tầng phần cứng LTX: ĐẠT [✓]
2026-07-30 15:06:01 [INFO] -> [LTX_STUDIO_ADAPTER] Đang tính toán phân rã trường ảnh kết xuất cho shot_01...
2026-07-30 15:06:01 [INFO] -> [SDK ENGINE] Plugin [LTX_STUDIO_ADAPTER] đã tạm hủy kích hoạt.
2026-07-30 15:06:01 [INFO] -> [ASSET MANAGER] Khởi tạo thành công cây thư mục lưu trữ: projects\ToanDanTaoPhong_Test\renders\scenes
2026-07-30 15:06:01 [INFO] -> [ASSET MANAGER] Đã đồng bộ cú máy vật lý -> [projects\ToanDanTaoPhong_Test\renders\scenes\Shot01.mp4]
2026-07-30 15:08:15 [INFO] -> =============================================================================
2026-07-30 15:08:15 [INFO] -> [🤖 AI AGENT] BẮT ĐẦU VÒNG ĐỜI ĐIỀU PHỐI TỰ TRỊ CHO TẬP PHIM 15...
2026-07-30 15:08:15 [INFO] -> =============================================================================
2026-07-30 15:08:15 [INFO] -> [AGENT NODE 1] Thao tác: Đọc phân tích cấu trúc chữ Chapter...
2026-07-30 15:08:15 [INFO] -> [AGENT NODE 2] Thao tác: Tự động phân rã mạch truyện thành các phân cảnh lớn...
2026-07-30 15:08:15 [INFO] -> [AGENT NODE 3] Thao tác: Phân rã Scene [1501] thành các Shots...
2026-07-30 15:08:15 [INFO] -> [SHOT MANAGER] Tiến hành bẻ nhỏ Scene ID [1501] thành chuỗi cắt cảnh...
2026-07-30 15:08:15 [INFO] ->  -> [✓] Khởi tạo Shot 01: ESTABLISHING | Thời lượng: 5.0s
2026-07-30 15:08:15 [INFO] ->  -> [✓] Khởi tạo Shot 02: WALKING | Thời lượng: 4.0s
2026-07-30 15:08:15 [INFO] ->  -> [✓] Khởi tạo Shot 03: DIALOGUE | Thời lượng: 4.0s
2026-07-30 15:08:15 [INFO] -> [AGENT NODE 4] Thao tác: Trộn câu lệnh Prompt Ma trận cho Shot [150101]...
2026-07-30 15:08:16 [INFO] -> [PROMPT CORES] Đang thực thi trộn ma trận Token 9 lớp cho Shot ID: [150101]
2026-07-30 15:08:16 [INFO] -> [AGENT NODE 5] Thao tác: Đẩy Shot [150101] vào hàng đợi phần cứng GPU...
2026-07-30 15:08:17 [INFO] -> [RENDER QUEUE] Cú máy [Shot ID: 150101] đang xếp hàng ➔ [WAITING]
2026-07-30 15:08:17 [INFO] -> [RENDER QUEUE] GPU đang tính toán khung hình ➔ [RENDERING]
2026-07-30 15:08:17 [INFO] -> [AGENT NODE 8] [✓] Hoàn tất Shot [150101] -> Khóa trạng thái COMPLETED.
2026-07-30 15:08:17 [INFO] -> [AGENT NODE 4] Thao tác: Trộn câu lệnh Prompt Ma trận cho Shot [150102]...
2026-07-30 15:08:17 [INFO] -> [PROMPT CORES] Đang thực thi trộn ma trận Token 9 lớp cho Shot ID: [150102]
2026-07-30 15:08:17 [INFO] -> [AGENT NODE 5] Thao tác: Đẩy Shot [150102] vào hàng đợi phần cứng GPU...
2026-07-30 15:08:18 [INFO] -> [RENDER QUEUE] Cú máy [Shot ID: 150102] đang xếp hàng ➔ [WAITING]
2026-07-30 15:08:18 [INFO] -> [RENDER QUEUE] GPU đang tính toán khung hình ➔ [RENDERING]
2026-07-30 15:08:18 [INFO] -> [AGENT NODE 8] [✓] Hoàn tất Shot [150102] -> Khóa trạng thái COMPLETED.
2026-07-30 15:08:18 [INFO] -> [AGENT NODE 4] Thao tác: Trộn câu lệnh Prompt Ma trận cho Shot [150103]...
2026-07-30 15:08:18 [INFO] -> [PROMPT CORES] Đang thực thi trộn ma trận Token 9 lớp cho Shot ID: [150103]
2026-07-30 15:08:18 [INFO] -> [AGENT NODE 5] Thao tác: Đẩy Shot [150103] vào hàng đợi phần cứng GPU...
2026-07-30 15:08:19 [INFO] -> [RENDER QUEUE] Cú máy [Shot ID: 150103] đang xếp hàng ➔ [WAITING]
2026-07-30 15:08:19 [INFO] -> [RENDER QUEUE] GPU đang tính toán khung hình ➔ [RENDERING]
2026-07-30 15:08:19 [INFO] -> [AGENT NODE 8] [✓] Hoàn tất Shot [150103] -> Khóa trạng thái COMPLETED.
2026-07-30 15:08:19 [INFO] -> =============================================================================
2026-07-30 15:08:19 [INFO] -> [🤖 AGENT SUCCESS] QUY TRÌNH TỰ TRỊ HOÀN THÀNH XUẤT SẮC! TIẾN ĐỘ ĐẠT 100% [✓]
2026-07-30 15:08:19 [INFO] -> =============================================================================
2026-07-30 15:08:19 [INFO] -> [CONSISTENCY] Phát hiện yêu cầu thay đổi diện mạo [HAIR] cho nhân vật [To Moc] -> 'short black hair'
2026-07-30 15:08:19 [INFO] -> [✓ SUCCESS] Lan truyền thành công! Đã đồng bộ diện mạo mới cho 1 cú máy chưa render.
2026-07-30 15:08:20 [INFO] -> [CONTROLLER] Tiếp nhận gói chỉ thị sản xuất từ tầng GUI cho Tập phim 15...
2026-07-30 15:08:20 [INFO] -> [STORYBOARD] Đang thực thi bóc tách logic đơn nhất (Single Responsibility)...
2026-07-30 15:08:20 [INFO] -> [SDK ENGINE] Plugin [LTX_STUDIO_AUTOMATION] đã được kích hoạt trên hệ thống.
2026-07-30 15:08:20 [INFO] -> [LTX_STUDIO_AUTOMATION] Đang thiết lập cấu hình khóa bảo mật API Stream...
2026-07-30 15:08:20 [INFO] -> =============================================================================
2026-07-30 15:08:20 [INFO] -> [🤖 AI AGENT] BẮT ĐẦU VÒNG ĐỜI ĐIỀU PHỐI TỰ TRỊ CHO TẬP PHIM 15...
2026-07-30 15:08:20 [INFO] -> =============================================================================
2026-07-30 15:08:20 [INFO] -> [AGENT NODE 1] Thao tác: Đọc phân tích cấu trúc chữ Chapter...
2026-07-30 15:08:20 [INFO] -> [AGENT NODE 2] Thao tác: Tự động phân rã mạch truyện thành các phân cảnh lớn...
2026-07-30 15:08:20 [INFO] -> [AGENT NODE 3] Thao tác: Phân rã Scene [1501] thành các Shots...
2026-07-30 15:08:20 [INFO] -> Shot Builder: Đang bẻ phân cảnh ID [1501] theo phân lớp Studio...
2026-07-30 15:08:20 [INFO] -> [AGENT NODE 4] Thao tác: Trộn câu lệnh Prompt Ma trận cho Shot [150101]...
2026-07-30 15:08:20 [INFO] -> [DREAMFORGE CORE] Tiến hành gộp ma trận tham số điện ảnh tĩnh...
2026-07-30 15:08:20 [INFO] -> [CAMERA PLANNER] Đã ghim thông số: Khung hình=Wide Shot, Ống kính=24mm, Chuyển động=Slow Push
2026-07-30 15:08:20 [INFO] -> [LIGHTING PLANNER] Đã ghim bộ lọc: Morning (Volumetric with Sun Rays)
2026-07-30 15:08:20 [INFO] -> [FX PLANNER] Đã khóa bộ hạt môi trường: Gió=[gentle blowing wind], Hiệu ứng=[falling cinematic tree leaves]
2026-07-30 15:08:20 [INFO] -> [AUDIO PLANNER] Đã cấu trúc chỉ thị âm thanh: Nhạc=[traditional chinese orchestra]
2026-07-30 15:08:20 [INFO] -> [AGENT NODE 5 & 6] Thao tác: Phát chỉ thị xuống LTX Adapter để Render và sao chép Clipboard...
2026-07-30 15:08:20 [INFO] -> [LTX_STUDIO_AUTOMATION] [GPU ENGAGED] Đang đẩy chỉ thị Render cho shot_150101...
2026-07-30 15:08:20 [INFO] -> [AGENT NODE 4] Thao tác: Trộn câu lệnh Prompt Ma trận cho Shot [150102]...
2026-07-30 15:08:20 [INFO] -> [DREAMFORGE CORE] Tiến hành gộp ma trận tham số điện ảnh tĩnh...
2026-07-30 15:08:20 [INFO] -> [CAMERA PLANNER] Đã ghim thông số: Khung hình=Close-Up Shot, Ống kính=85mm, Chuyển động=Static
2026-07-30 15:08:20 [INFO] -> [LIGHTING PLANNER] Đã ghim bộ lọc: Morning (Volumetric with Sun Rays)
2026-07-30 15:08:20 [INFO] -> [FX PLANNER] Đã khóa bộ hạt môi trường: Gió=[gentle blowing wind], Hiệu ứng=[falling cinematic tree leaves]
2026-07-30 15:08:20 [INFO] -> [AUDIO PLANNER] Đã cấu trúc chỉ thị âm thanh: Nhạc=[traditional chinese orchestra]
2026-07-30 15:08:20 [INFO] -> [AGENT NODE 5 & 6] Thao tác: Phát chỉ thị xuống LTX Adapter để Render và sao chép Clipboard...
2026-07-30 15:08:20 [INFO] -> [LTX_STUDIO_AUTOMATION] [GPU ENGAGED] Đang đẩy chỉ thị Render cho shot_150102...
2026-07-30 15:08:20 [INFO] -> [AGENT NODE 7] Thao tác: Kích hoạt Episode Builder gộp nối toàn bộ Shots...
2026-07-30 15:08:20 [INFO] -> [EPISODE BUILDER] Kích hoạt luồng đóng gói Tập phim 15...
2026-07-30 15:08:20 [INFO] ->  -> Danh sách phân cảnh tích hợp: ['scene_01']
2026-07-30 15:08:22 [INFO] -> [SUCCESS] Quy trình đóng gói hoàn tất. Tệp phim dài sẵn sàng: 'projects\ToanDanTaoPhong\exports\Episode15.mp4'
2026-07-30 15:08:22 [INFO] -> [AGENT NODE 8] [✓] Đăng tải tự động lên YouTube thành công! Tiến độ: 100%
2026-07-30 15:08:22 [INFO] -> =============================================================================
2026-07-30 15:08:22 [INFO] -> [SCHEDULER] Điều phối mạch sản xuất phân tầng cho Tập phim 15...
2026-07-30 15:08:22 [INFO] -> [API] ➔ [1/5] open_project: Khai hỏa dự án phim 'ToanDanTaoPhong'
2026-07-30 15:08:22 [INFO] -> [API] ➔ [2/5] current_scene: Đóng băng không gian Cảnh phim ID: [1501]
2026-07-30 15:08:22 [INFO] -> [API] ➔ [3/5] get_character: Nạp Token diện mạo cho nhân vật 'To Moc'
2026-07-30 15:08:22 [INFO] -> [API] ➔ [4/5] build_prompt: Đang xếp chồng các lớp Component Token...
2026-07-30 15:08:22 [INFO] -> [API] ➔ [5/5] render: Đang đẩy payload sang hàng đợi GPU phần cứng...
2026-07-30 15:08:23 [INFO] -> [EPISODE SERVICE] Đang tính toán ma trận tiến độ cho Tập phim 15...
2026-07-30 15:08:23 [INFO] -> [SDK ENGINE] Plugin [LTX_STUDIO_AUTOMATION] đã được kích hoạt trên hệ thống.
2026-07-30 15:08:23 [INFO] -> [LTX_STUDIO_AUTOMATION] [GPU ENGAGED] Đang đẩy chỉ thị Render cho scene_01...
2026-07-30 15:08:23 [INFO] -> [SDK ENGINE] Plugin [LTX_STUDIO_AUTOMATION] đã tạm dừng kích hoạt.
2026-07-30 15:08:28 [INFO] -> [LTX WORKSPACE] Cú máy [Shot ID: 150101] đã chuyển trạng thái thành công sang -> [APPROVED]
2026-07-30 15:08:28 [INFO] -> [SCHEDULER] Điều phối mạch sản xuất phân tầng cho Tập phim 15...
2026-07-30 15:08:29 [INFO] -> [TIMELINE ENGINE] Cú máy [Shot ID: 150101] đã được cập nhật thời lượng mới -> 5.5s
2026-07-30 15:08:29 [INFO] -> [DREAMFORGE CORE] Tiến hành gộp ma trận tham số điện ảnh tĩnh...
2026-07-30 15:08:29 [INFO] -> [CAMERA PLANNER] Đã ghim thông số: Khung hình=Wide Shot, Ống kính=24mm, Chuyển động=Slow Push
2026-07-30 15:08:29 [INFO] -> [LIGHTING PLANNER] Đã ghim bộ lọc: Morning (Volumetric with Sun Rays)
2026-07-30 15:08:29 [INFO] -> [FX PLANNER] Đã khóa bộ hạt môi trường: Gió=[gentle blowing wind], Hiệu ứng=[falling cinematic tree leaves]
2026-07-30 15:08:29 [INFO] -> [AUDIO PLANNER] Đã cấu trúc chỉ thị âm thanh: Nhạc=[traditional chinese orchestra]
2026-07-30 15:08:29 [INFO] -> [PROMPT SERVICE] Biên dịch Prompt thông qua lớp Template...
2026-07-30 15:08:29 [INFO] -> [PROMPT TEMPLATE] Đã biên dịch thành công mẫu câu lệnh [Key: DONGHUA_3D]
2026-07-30 15:08:29 [INFO] -> [PROMPT CORES] Đang thực thi trộn ma trận Token 9 lớp cho Shot ID: [150101]
2026-07-30 15:08:29 [INFO] -> [PROMPT CORES] Đang thực thi trộn ma trận Token 9 lớp cho Shot ID: [150101]
2026-07-30 15:08:29 [WARNING] -> [RETRY ENGINE] Kích hoạt lệnh cứu hộ! Đang tái nạp hàng đợi cho Shot Lỗi: [150109]
2026-07-30 15:08:29 [INFO] -> [RENDER QUEUE] Cú máy [Shot ID: 150109] đang xếp hàng ➔ [WAITING]
2026-07-30 15:08:30 [INFO] -> [RENDER QUEUE] GPU đang tính toán khung hình ➔ [RENDERING]
2026-07-30 15:08:30 [INFO] -> [EXPORT CENTER] Đang kích hoạt dây chuyền đóng gói thương mại cho Tập phim 15...
2026-07-30 15:08:30 [INFO] -> [✓ SUCCESS] Đóng gói thành công! Metadata SEO đã được khóa ổn định.
2026-07-30 15:08:30 [INFO] -> [SCENE INTEL] Đang phân rã gói dữ liệu cấu trúc YAML của Đạo diễn AI...
2026-07-30 15:08:30 [INFO] ->  -> [✓] Tiêu đề cảnh: Gặp nhau tại học viện
2026-07-30 15:08:30 [INFO] ->  -> [✓] Trạng thái cảm xúc phát hiện: ['Bình tĩnh', 'Mong chờ']
2026-07-30 15:08:30 [INFO] ->  -> [✓] Danh sách góc máy chỉ định: ['Establishing Shot', 'Medium Shot', 'Close Up']
2026-07-30 15:08:30 [INFO] -> [LTX_STUDIO_AUTOMATION] Đang thiết lập cấu hình khóa bảo mật API Stream...
2026-07-30 15:08:30 [INFO] -> [SDK ENGINE] Plugin [LTX_STUDIO_AUTOMATION] đã được kích hoạt trên hệ thống.
2026-07-30 15:08:30 [INFO] -> [LTX_STUDIO_AUTOMATION] [GPU ENGAGED] Đang đẩy chỉ thị Render cho shot_1501...
2026-07-30 15:08:30 [INFO] -> [SHOT MANAGER] Tiến hành bẻ nhỏ Scene ID [15] thành chuỗi cắt cảnh...
2026-07-30 15:08:30 [INFO] ->  -> [✓] Khởi tạo Shot 01: ESTABLISHING | Thời lượng: 5.0s
2026-07-30 15:08:30 [INFO] ->  -> [✓] Khởi tạo Shot 02: WALKING | Thời lượng: 4.0s
2026-07-30 15:08:30 [INFO] ->  -> [✓] Khởi tạo Shot 03: DIALOGUE | Thời lượng: 4.0s
2026-07-30 15:08:30 [INFO] -> [SHOT PLANNER] Đang khởi chạy ma trận phân rã góc máy cho Scene ID: [701]
2026-07-30 15:08:30 [INFO] ->  -> Khởi tạo thành công: [Shot 01] Ngữ cảnh: ESTABLISHING | Thời lượng: 5.0s
2026-07-30 15:08:30 [INFO] ->  -> Khởi tạo thành công: [Shot 02] Ngữ cảnh: DOOR OPENING | Thời lượng: 4.0s
2026-07-30 15:08:30 [INFO] ->  -> Khởi tạo thành công: [Shot 03] Ngữ cảnh: REACTION | Thời lượng: 2.0s
2026-07-30 15:08:30 [INFO] ->  -> Khởi tạo thành công: [Shot 04] Ngữ cảnh: DIALOGUE | Thời lượng: 3.0s
2026-07-30 15:08:30 [INFO] -> [CAMERA PLANNER] Đã ghim thông số: Khung hình=Wide Shot, Ống kính=24mm, Chuyển động=Slow Push
2026-07-30 15:08:30 [INFO] -> [LIGHTING PLANNER] Đã ghim bộ lọc: Morning (Volumetric with Sun Rays)
2026-07-30 15:08:30 [INFO] -> [AI DIRECTOR] Đang bóc tách chỉ đạo nghệ thuật cho Cú máy số 01...
2026-07-30 15:08:31 [INFO] -> [WORKFLOW] Mạch sản xuất tịnh tiến: [EPISODE] ➔ ➔ ➔ [CHAPTER]
2026-07-30 15:08:31 [INFO] -> [WORKFLOW] Mạch sản xuất tịnh tiến: [CHAPTER] ➔ ➔ ➔ [SCENE]
2026-07-30 15:08:31 [INFO] -> [WORKFLOW] Mạch sản xuất tịnh tiến: [SCENE] ➔ ➔ ➔ [SHOT]
2026-07-30 15:08:31 [INFO] -> [WORKFLOW] Mạch sản xuất tịnh tiến: [SHOT] ➔ ➔ ➔ [ASSET]
2026-07-30 15:08:31 [INFO] -> [WORKFLOW] Mạch sản xuất tịnh tiến: [ASSET] ➔ ➔ ➔ [PROMPT]
2026-07-30 15:08:31 [INFO] -> [WORKFLOW] Mạch sản xuất tịnh tiến: [PROMPT] ➔ ➔ ➔ [RENDER]
2026-07-30 15:08:31 [INFO] -> [WORKFLOW] Mạch sản xuất tịnh tiến: [RENDER] ➔ ➔ ➔ [REVIEW]
2026-07-30 15:08:31 [INFO] -> [WORKFLOW] Mạch sản xuất tịnh tiến: [REVIEW] ➔ ➔ ➔ [EXPORT]
2026-07-30 15:08:31 [INFO] -> [STORYBOARD] Đang thực thi bóc tách logic đơn nhất (Single Responsibility)...
2026-07-30 15:08:31 [INFO] -> Prompt Builder: Đã áp dụng mẫu [ltx_action] tự động cho [SCENE_01_002]
2026-07-30 15:08:31 [INFO] -> Prompt Builder: Đã áp dụng mẫu [ltx_dialogue] tự động cho [SCENE_01_001]
2026-07-30 15:08:31 [INFO] -> Prompt Builder 2.0: Đã hoàn tất ma trận sinh Prompt cho [Shot ID: 150101].
2026-07-30 15:08:31 [INFO] -> Prompt Builder 2.0: Đã hoàn tất ma trận sinh Prompt cho [Shot ID: 150102].
2026-07-30 15:08:31 [INFO] -> [DREAMFORGE CORE] Tiến hành gộp ma trận tham số điện ảnh tĩnh...
2026-07-30 15:08:31 [INFO] -> [CAMERA PLANNER] Đã ghim thông số: Khung hình=Close-Up Shot, Ống kính=85mm, Chuyển động=Static
2026-07-30 15:08:31 [INFO] -> [LIGHTING PLANNER] Đã ghim bộ lọc: Morning (Volumetric with Sun Rays)
2026-07-30 15:08:31 [INFO] -> [FX PLANNER] Đã khóa bộ hạt môi trường: Gió=[gentle blowing wind], Hiệu ứng=[falling cinematic tree leaves]
2026-07-30 15:08:31 [INFO] -> [AUDIO PLANNER] Đã cấu trúc chỉ thị âm thanh: Nhạc=[traditional chinese orchestra]
2026-07-30 15:08:31 [INFO] -> [SDK ENGINE] Plugin [LTX_STUDIO_ADAPTER] đã được kích hoạt trên hệ thống.
2026-07-30 15:08:31 [INFO] -> [LTX_STUDIO_ADAPTER] Khởi tạo cổng kết nối hạ tầng phần cứng LTX: ĐẠT [✓]
2026-07-30 15:08:31 [INFO] -> [LTX_STUDIO_ADAPTER] Đang tính toán phân rã trường ảnh kết xuất cho shot_01...
2026-07-30 15:08:31 [INFO] -> [SDK ENGINE] Plugin [LTX_STUDIO_ADAPTER] đã tạm hủy kích hoạt.
2026-07-30 15:08:31 [INFO] -> [ASSET MANAGER] Khởi tạo thành công cây thư mục lưu trữ: projects\ToanDanTaoPhong_Test\renders\scenes
2026-07-30 15:08:31 [INFO] -> [ASSET MANAGER] Đã đồng bộ cú máy vật lý -> [projects\ToanDanTaoPhong_Test\renders\scenes\Shot01.mp4]
2026-07-30 15:09:10 [INFO] -> =============================================================================
2026-07-30 15:09:10 [INFO] -> [🤖 AI AGENT] BẮT ĐẦU VÒNG ĐỜI ĐIỀU PHỐI TỰ TRỊ CHO TẬP PHIM 15...
2026-07-30 15:09:10 [INFO] -> =============================================================================
2026-07-30 15:09:10 [INFO] -> [AGENT NODE 1] Thao tác: Đọc phân tích cấu trúc chữ Chapter...
2026-07-30 15:09:10 [INFO] -> [AGENT NODE 2] Thao tác: Tự động phân rã mạch truyện thành các phân cảnh lớn...
2026-07-30 15:09:10 [INFO] -> [AGENT NODE 3] Thao tác: Phân rã Scene [1501] thành các Shots...
2026-07-30 15:09:10 [INFO] -> [SHOT MANAGER] Tiến hành bẻ nhỏ Scene ID [1501] thành chuỗi cắt cảnh...
2026-07-30 15:09:10 [INFO] ->  -> [✓] Khởi tạo Shot 01: ESTABLISHING | Thời lượng: 5.0s
2026-07-30 15:09:10 [INFO] ->  -> [✓] Khởi tạo Shot 02: WALKING | Thời lượng: 4.0s
2026-07-30 15:09:10 [INFO] ->  -> [✓] Khởi tạo Shot 03: DIALOGUE | Thời lượng: 4.0s
2026-07-30 15:09:10 [INFO] -> [AGENT NODE 4] Thao tác: Trộn câu lệnh Prompt Ma trận cho Shot [150101]...
2026-07-30 15:09:10 [INFO] -> [PROMPT CORES] Đang thực thi trộn ma trận Token 9 lớp cho Shot ID: [150101]
2026-07-30 15:09:10 [INFO] -> [AGENT NODE 5] Thao tác: Đẩy Shot [150101] vào hàng đợi phần cứng GPU...
2026-07-30 15:09:10 [INFO] -> [RENDER QUEUE] Cú máy [Shot ID: 150101] đang xếp hàng ➔ [WAITING]
2026-07-30 15:09:11 [INFO] -> [RENDER QUEUE] GPU đang tính toán khung hình ➔ [RENDERING]
2026-07-30 15:09:11 [INFO] -> [AGENT NODE 8] [✓] Hoàn tất Shot [150101] -> Khóa trạng thái COMPLETED.
2026-07-30 15:09:11 [INFO] -> [AGENT NODE 4] Thao tác: Trộn câu lệnh Prompt Ma trận cho Shot [150102]...
2026-07-30 15:09:11 [INFO] -> [PROMPT CORES] Đang thực thi trộn ma trận Token 9 lớp cho Shot ID: [150102]
2026-07-30 15:09:11 [INFO] -> [AGENT NODE 5] Thao tác: Đẩy Shot [150102] vào hàng đợi phần cứng GPU...
2026-07-30 15:09:11 [INFO] -> [RENDER QUEUE] Cú máy [Shot ID: 150102] đang xếp hàng ➔ [WAITING]
2026-07-30 15:09:11 [INFO] -> [RENDER QUEUE] GPU đang tính toán khung hình ➔ [RENDERING]
2026-07-30 15:09:11 [INFO] -> [AGENT NODE 8] [✓] Hoàn tất Shot [150102] -> Khóa trạng thái COMPLETED.
2026-07-30 15:09:11 [INFO] -> [AGENT NODE 4] Thao tác: Trộn câu lệnh Prompt Ma trận cho Shot [150103]...
2026-07-30 15:09:11 [INFO] -> [PROMPT CORES] Đang thực thi trộn ma trận Token 9 lớp cho Shot ID: [150103]
2026-07-30 15:09:11 [INFO] -> [AGENT NODE 5] Thao tác: Đẩy Shot [150103] vào hàng đợi phần cứng GPU...
2026-07-30 15:09:11 [INFO] -> [RENDER QUEUE] Cú máy [Shot ID: 150103] đang xếp hàng ➔ [WAITING]
2026-07-30 15:09:12 [INFO] -> [RENDER QUEUE] GPU đang tính toán khung hình ➔ [RENDERING]
2026-07-30 15:09:12 [INFO] -> [AGENT NODE 8] [✓] Hoàn tất Shot [150103] -> Khóa trạng thái COMPLETED.
2026-07-30 15:09:12 [INFO] -> =============================================================================
2026-07-30 15:09:12 [INFO] -> [🤖 AGENT SUCCESS] QUY TRÌNH TỰ TRỊ HOÀN THÀNH XUẤT SẮC! TIẾN ĐỘ ĐẠT 100% [✓]
2026-07-30 15:09:12 [INFO] -> =============================================================================
2026-07-30 15:09:12 [INFO] -> [CONSISTENCY] Phát hiện yêu cầu thay đổi diện mạo [HAIR] cho nhân vật [To Moc] -> 'short black hair'
2026-07-30 15:09:12 [INFO] -> [✓ SUCCESS] Lan truyền thành công! Đã đồng bộ diện mạo mới cho 1 cú máy chưa render.
2026-07-30 15:09:13 [INFO] -> [CONTROLLER] Tiếp nhận gói chỉ thị sản xuất từ tầng GUI cho Tập phim 15...
2026-07-30 15:09:13 [INFO] -> [STORYBOARD] Đang thực thi bóc tách logic đơn nhất (Single Responsibility)...
2026-07-30 15:09:13 [INFO] -> [SDK ENGINE] Plugin [LTX_STUDIO_AUTOMATION] đã được kích hoạt trên hệ thống.
2026-07-30 15:09:13 [INFO] -> [LTX_STUDIO_AUTOMATION] Đang thiết lập cấu hình khóa bảo mật API Stream...
2026-07-30 15:09:13 [INFO] -> =============================================================================
2026-07-30 15:09:13 [INFO] -> [🤖 AI AGENT] BẮT ĐẦU VÒNG ĐỜI ĐIỀU PHỐI TỰ TRỊ CHO TẬP PHIM 15...
2026-07-30 15:09:13 [INFO] -> =============================================================================
2026-07-30 15:09:13 [INFO] -> [AGENT NODE 1] Thao tác: Đọc phân tích cấu trúc chữ Chapter...
2026-07-30 15:09:13 [INFO] -> [AGENT NODE 2] Thao tác: Tự động phân rã mạch truyện thành các phân cảnh lớn...
2026-07-30 15:09:13 [INFO] -> [AGENT NODE 3] Thao tác: Phân rã Scene [1501] thành các Shots...
2026-07-30 15:09:13 [INFO] -> Shot Builder: Đang bẻ phân cảnh ID [1501] theo phân lớp Studio...
2026-07-30 15:09:13 [INFO] -> [AGENT NODE 4] Thao tác: Trộn câu lệnh Prompt Ma trận cho Shot [150101]...
2026-07-30 15:09:13 [INFO] -> [DREAMFORGE CORE] Tiến hành gộp ma trận tham số điện ảnh tĩnh...
2026-07-30 15:09:13 [INFO] -> [CAMERA PLANNER] Đã ghim thông số: Khung hình=Wide Shot, Ống kính=24mm, Chuyển động=Slow Push
2026-07-30 15:09:13 [INFO] -> [LIGHTING PLANNER] Đã ghim bộ lọc: Morning (Volumetric with Sun Rays)
2026-07-30 15:09:13 [INFO] -> [FX PLANNER] Đã khóa bộ hạt môi trường: Gió=[gentle blowing wind], Hiệu ứng=[falling cinematic tree leaves]
2026-07-30 15:09:13 [INFO] -> [AUDIO PLANNER] Đã cấu trúc chỉ thị âm thanh: Nhạc=[traditional chinese orchestra]
2026-07-30 15:09:13 [INFO] -> [AGENT NODE 5 & 6] Thao tác: Phát chỉ thị xuống LTX Adapter để Render và sao chép Clipboard...
2026-07-30 15:09:13 [INFO] -> [LTX_STUDIO_AUTOMATION] [GPU ENGAGED] Đang đẩy chỉ thị Render cho shot_150101...
2026-07-30 15:09:13 [INFO] -> [AGENT NODE 4] Thao tác: Trộn câu lệnh Prompt Ma trận cho Shot [150102]...
2026-07-30 15:09:13 [INFO] -> [DREAMFORGE CORE] Tiến hành gộp ma trận tham số điện ảnh tĩnh...
2026-07-30 15:09:13 [INFO] -> [CAMERA PLANNER] Đã ghim thông số: Khung hình=Close-Up Shot, Ống kính=85mm, Chuyển động=Static
2026-07-30 15:09:13 [INFO] -> [LIGHTING PLANNER] Đã ghim bộ lọc: Morning (Volumetric with Sun Rays)
2026-07-30 15:09:13 [INFO] -> [FX PLANNER] Đã khóa bộ hạt môi trường: Gió=[gentle blowing wind], Hiệu ứng=[falling cinematic tree leaves]
2026-07-30 15:09:13 [INFO] -> [AUDIO PLANNER] Đã cấu trúc chỉ thị âm thanh: Nhạc=[traditional chinese orchestra]
2026-07-30 15:09:13 [INFO] -> [AGENT NODE 5 & 6] Thao tác: Phát chỉ thị xuống LTX Adapter để Render và sao chép Clipboard...
2026-07-30 15:09:13 [INFO] -> [LTX_STUDIO_AUTOMATION] [GPU ENGAGED] Đang đẩy chỉ thị Render cho shot_150102...
2026-07-30 15:09:13 [INFO] -> [AGENT NODE 7] Thao tác: Kích hoạt Episode Builder gộp nối toàn bộ Shots...
2026-07-30 15:09:13 [INFO] -> [EPISODE BUILDER] Kích hoạt luồng đóng gói Tập phim 15...
2026-07-30 15:09:13 [INFO] ->  -> Danh sách phân cảnh tích hợp: ['scene_01']
2026-07-30 15:09:15 [INFO] -> [SUCCESS] Quy trình đóng gói hoàn tất. Tệp phim dài sẵn sàng: 'projects\ToanDanTaoPhong\exports\Episode15.mp4'
2026-07-30 15:09:15 [INFO] -> [AGENT NODE 8] [✓] Đăng tải tự động lên YouTube thành công! Tiến độ: 100%
2026-07-30 15:09:15 [INFO] -> =============================================================================
2026-07-30 15:09:15 [INFO] -> [SCHEDULER] Điều phối mạch sản xuất phân tầng cho Tập phim 15...
2026-07-30 15:09:15 [INFO] -> [API] ➔ [1/5] open_project: Khai hỏa dự án phim 'ToanDanTaoPhong'
2026-07-30 15:09:15 [INFO] -> [API] ➔ [2/5] current_scene: Đóng băng không gian Cảnh phim ID: [1501]
2026-07-30 15:09:15 [INFO] -> [API] ➔ [3/5] get_character: Nạp Token diện mạo cho nhân vật 'To Moc'
2026-07-30 15:09:15 [INFO] -> [API] ➔ [4/5] build_prompt: Đang xếp chồng các lớp Component Token...
2026-07-30 15:09:15 [INFO] -> [API] ➔ [5/5] render: Đang đẩy payload sang hàng đợi GPU phần cứng...
2026-07-30 15:09:15 [INFO] -> [EPISODE SERVICE] Đang tính toán ma trận tiến độ cho Tập phim 15...
2026-07-30 15:09:16 [INFO] -> [SDK ENGINE] Plugin [LTX_STUDIO_AUTOMATION] đã được kích hoạt trên hệ thống.
2026-07-30 15:09:16 [INFO] -> [LTX_STUDIO_AUTOMATION] [GPU ENGAGED] Đang đẩy chỉ thị Render cho scene_01...
2026-07-30 15:09:16 [INFO] -> [SDK ENGINE] Plugin [LTX_STUDIO_AUTOMATION] đã tạm dừng kích hoạt.
2026-07-30 15:09:20 [INFO] -> [LTX WORKSPACE] Cú máy [Shot ID: 150101] đã chuyển trạng thái thành công sang -> [APPROVED]
2026-07-30 15:09:20 [INFO] -> [SCHEDULER] Điều phối mạch sản xuất phân tầng cho Tập phim 15...
2026-07-30 15:09:20 [INFO] -> [TIMELINE ENGINE] Cú máy [Shot ID: 150101] đã được cập nhật thời lượng mới -> 5.5s
2026-07-30 15:09:20 [INFO] -> [DREAMFORGE CORE] Tiến hành gộp ma trận tham số điện ảnh tĩnh...
2026-07-30 15:09:21 [INFO] -> [CAMERA PLANNER] Đã ghim thông số: Khung hình=Wide Shot, Ống kính=24mm, Chuyển động=Slow Push
2026-07-30 15:09:21 [INFO] -> [LIGHTING PLANNER] Đã ghim bộ lọc: Morning (Volumetric with Sun Rays)
2026-07-30 15:09:21 [INFO] -> [FX PLANNER] Đã khóa bộ hạt môi trường: Gió=[gentle blowing wind], Hiệu ứng=[falling cinematic tree leaves]
2026-07-30 15:09:21 [INFO] -> [AUDIO PLANNER] Đã cấu trúc chỉ thị âm thanh: Nhạc=[traditional chinese orchestra]
2026-07-30 15:09:21 [INFO] -> [PROMPT SERVICE] Biên dịch Prompt thông qua lớp Template...
2026-07-30 15:09:21 [INFO] -> [PROMPT TEMPLATE] Đã biên dịch thành công mẫu câu lệnh [Key: DONGHUA_3D]
2026-07-30 15:09:21 [INFO] -> [PROMPT CORES] Đang thực thi trộn ma trận Token 9 lớp cho Shot ID: [150101]
2026-07-30 15:09:21 [INFO] -> [PROMPT CORES] Đang thực thi trộn ma trận Token 9 lớp cho Shot ID: [150101]
2026-07-30 15:09:21 [WARNING] -> [RETRY ENGINE] Kích hoạt lệnh cứu hộ! Đang tái nạp hàng đợi cho Shot Lỗi: [150109]
2026-07-30 15:09:21 [INFO] -> [RENDER QUEUE] Cú máy [Shot ID: 150109] đang xếp hàng ➔ [WAITING]
2026-07-30 15:09:21 [INFO] -> [RENDER QUEUE] GPU đang tính toán khung hình ➔ [RENDERING]
2026-07-30 15:09:23 [INFO] -> [EXPORT CENTER] Đang kích hoạt dây chuyền đóng gói thương mại cho Tập phim 15...
2026-07-30 15:09:24 [INFO] -> [✓ SUCCESS] Đóng gói thành công! Metadata SEO đã được khóa ổn định.
2026-07-30 15:09:24 [INFO] -> [SCENE INTEL] Đang phân rã gói dữ liệu cấu trúc YAML của Đạo diễn AI...
2026-07-30 15:09:24 [INFO] ->  -> [✓] Tiêu đề cảnh: Gặp nhau tại học viện
2026-07-30 15:09:24 [INFO] ->  -> [✓] Trạng thái cảm xúc phát hiện: ['Bình tĩnh', 'Mong chờ']
2026-07-30 15:09:24 [INFO] ->  -> [✓] Danh sách góc máy chỉ định: ['Establishing Shot', 'Medium Shot', 'Close Up']
2026-07-30 15:09:24 [INFO] -> [LTX_STUDIO_AUTOMATION] Đang thiết lập cấu hình khóa bảo mật API Stream...
2026-07-30 15:09:24 [INFO] -> [SDK ENGINE] Plugin [LTX_STUDIO_AUTOMATION] đã được kích hoạt trên hệ thống.
2026-07-30 15:09:24 [INFO] -> [LTX_STUDIO_AUTOMATION] [GPU ENGAGED] Đang đẩy chỉ thị Render cho shot_1501...
2026-07-30 15:09:24 [INFO] -> [SHOT MANAGER] Tiến hành bẻ nhỏ Scene ID [15] thành chuỗi cắt cảnh...
2026-07-30 15:09:24 [INFO] ->  -> [✓] Khởi tạo Shot 01: ESTABLISHING | Thời lượng: 5.0s
2026-07-30 15:09:24 [INFO] ->  -> [✓] Khởi tạo Shot 02: WALKING | Thời lượng: 4.0s
2026-07-30 15:09:24 [INFO] ->  -> [✓] Khởi tạo Shot 03: DIALOGUE | Thời lượng: 4.0s
2026-07-30 15:09:24 [INFO] -> [SHOT PLANNER] Đang khởi chạy ma trận phân rã góc máy cho Scene ID: [701]
2026-07-30 15:09:24 [INFO] ->  -> Khởi tạo thành công: [Shot 01] Ngữ cảnh: ESTABLISHING | Thời lượng: 5.0s
2026-07-30 15:09:24 [INFO] ->  -> Khởi tạo thành công: [Shot 02] Ngữ cảnh: DOOR OPENING | Thời lượng: 4.0s
2026-07-30 15:09:24 [INFO] ->  -> Khởi tạo thành công: [Shot 03] Ngữ cảnh: REACTION | Thời lượng: 2.0s
2026-07-30 15:09:24 [INFO] ->  -> Khởi tạo thành công: [Shot 04] Ngữ cảnh: DIALOGUE | Thời lượng: 3.0s
2026-07-30 15:09:24 [INFO] -> [CAMERA PLANNER] Đã ghim thông số: Khung hình=Wide Shot, Ống kính=24mm, Chuyển động=Slow Push
2026-07-30 15:09:24 [INFO] -> [LIGHTING PLANNER] Đã ghim bộ lọc: Morning (Volumetric with Sun Rays)
2026-07-30 15:09:24 [INFO] -> [AI DIRECTOR] Đang bóc tách chỉ đạo nghệ thuật cho Cú máy số 01...
2026-07-30 15:09:24 [INFO] -> [WORKFLOW] Mạch sản xuất tịnh tiến: [EPISODE] ➔ ➔ ➔ [CHAPTER]
2026-07-30 15:09:24 [INFO] -> [WORKFLOW] Mạch sản xuất tịnh tiến: [CHAPTER] ➔ ➔ ➔ [SCENE]
2026-07-30 15:09:24 [INFO] -> [WORKFLOW] Mạch sản xuất tịnh tiến: [SCENE] ➔ ➔ ➔ [SHOT]
2026-07-30 15:09:24 [INFO] -> [WORKFLOW] Mạch sản xuất tịnh tiến: [SHOT] ➔ ➔ ➔ [ASSET]
2026-07-30 15:09:24 [INFO] -> [WORKFLOW] Mạch sản xuất tịnh tiến: [ASSET] ➔ ➔ ➔ [PROMPT]
2026-07-30 15:09:24 [INFO] -> [WORKFLOW] Mạch sản xuất tịnh tiến: [PROMPT] ➔ ➔ ➔ [RENDER]
2026-07-30 15:09:24 [INFO] -> [WORKFLOW] Mạch sản xuất tịnh tiến: [RENDER] ➔ ➔ ➔ [REVIEW]
2026-07-30 15:09:24 [INFO] -> [WORKFLOW] Mạch sản xuất tịnh tiến: [REVIEW] ➔ ➔ ➔ [EXPORT]
2026-07-30 15:09:24 [INFO] -> [STORYBOARD] Đang thực thi bóc tách logic đơn nhất (Single Responsibility)...
2026-07-30 15:09:24 [INFO] -> Prompt Builder: Đã áp dụng mẫu [ltx_action] tự động cho [SCENE_01_002]
2026-07-30 15:09:24 [INFO] -> Prompt Builder: Đã áp dụng mẫu [ltx_dialogue] tự động cho [SCENE_01_001]
2026-07-30 15:09:24 [INFO] -> Prompt Builder 2.0: Đã hoàn tất ma trận sinh Prompt cho [Shot ID: 150101].
2026-07-30 15:09:24 [INFO] -> Prompt Builder 2.0: Đã hoàn tất ma trận sinh Prompt cho [Shot ID: 150102].
2026-07-30 15:09:24 [INFO] -> [DREAMFORGE CORE] Tiến hành gộp ma trận tham số điện ảnh tĩnh...
2026-07-30 15:09:24 [INFO] -> [CAMERA PLANNER] Đã ghim thông số: Khung hình=Close-Up Shot, Ống kính=85mm, Chuyển động=Static
2026-07-30 15:09:24 [INFO] -> [LIGHTING PLANNER] Đã ghim bộ lọc: Morning (Volumetric with Sun Rays)
2026-07-30 15:09:24 [INFO] -> [FX PLANNER] Đã khóa bộ hạt môi trường: Gió=[gentle blowing wind], Hiệu ứng=[falling cinematic tree leaves]
2026-07-30 15:09:24 [INFO] -> [AUDIO PLANNER] Đã cấu trúc chỉ thị âm thanh: Nhạc=[traditional chinese orchestra]
2026-07-30 15:09:24 [INFO] -> [SDK ENGINE] Plugin [LTX_STUDIO_ADAPTER] đã được kích hoạt trên hệ thống.
2026-07-30 15:09:24 [INFO] -> [LTX_STUDIO_ADAPTER] Khởi tạo cổng kết nối hạ tầng phần cứng LTX: ĐẠT [✓]
2026-07-30 15:09:24 [INFO] -> [LTX_STUDIO_ADAPTER] Đang tính toán phân rã trường ảnh kết xuất cho shot_01...
2026-07-30 15:09:24 [INFO] -> [SDK ENGINE] Plugin [LTX_STUDIO_ADAPTER] đã tạm hủy kích hoạt.
2026-07-30 15:09:24 [INFO] -> [ASSET MANAGER] Khởi tạo thành công cây thư mục lưu trữ: projects\ToanDanTaoPhong_Test\renders\scenes
2026-07-30 15:09:24 [INFO] -> [ASSET MANAGER] Đã đồng bộ cú máy vật lý -> [projects\ToanDanTaoPhong_Test\renders\scenes\Shot01.mp4]
2026-07-30 15:11:36 [INFO] -> =============================================================================
2026-07-30 15:11:36 [INFO] -> [🤖 AI AGENT] BẮT ĐẦU VÒNG ĐỜI ĐIỀU PHỐI TỰ TRỊ CHO TẬP PHIM 15...
2026-07-30 15:11:36 [INFO] -> =============================================================================
2026-07-30 15:11:36 [INFO] -> [AGENT NODE 1] Thao tác: Đọc phân tích cấu trúc chữ Chapter...
2026-07-30 15:11:36 [INFO] -> [AGENT NODE 2] Thao tác: Tự động phân rã mạch truyện thành các phân cảnh lớn...
2026-07-30 15:11:36 [INFO] -> [AGENT NODE 3] Thao tác: Phân rã Scene [1501] thành các Shots...
2026-07-30 15:11:36 [INFO] -> [SHOT MANAGER] Tiến hành bẻ nhỏ Scene ID [1501] thành chuỗi cắt cảnh...
2026-07-30 15:11:36 [INFO] ->  -> [✓] Khởi tạo Shot 01: ESTABLISHING | Thời lượng: 5.0s
2026-07-30 15:11:36 [INFO] ->  -> [✓] Khởi tạo Shot 02: WALKING | Thời lượng: 4.0s
2026-07-30 15:11:36 [INFO] ->  -> [✓] Khởi tạo Shot 03: DIALOGUE | Thời lượng: 4.0s
2026-07-30 15:11:36 [INFO] -> [AGENT NODE 4] Thao tác: Trộn câu lệnh Prompt Ma trận cho Shot [150101]...
2026-07-30 15:11:36 [INFO] -> [PROMPT CORES] Đang thực thi trộn ma trận Token 9 lớp cho Shot ID: [150101]
2026-07-30 15:11:36 [INFO] -> [AGENT NODE 5] Thao tác: Đẩy Shot [150101] vào hàng đợi phần cứng GPU...
2026-07-30 15:11:36 [INFO] -> [RENDER QUEUE] Cú máy [Shot ID: 150101] đang xếp hàng ➔ [WAITING]
2026-07-30 15:11:36 [INFO] -> [RENDER QUEUE] GPU đang tính toán khung hình ➔ [RENDERING]
2026-07-30 15:11:36 [INFO] -> [AGENT NODE 8] [✓] Hoàn tất Shot [150101] -> Khóa trạng thái COMPLETED.
2026-07-30 15:11:37 [INFO] -> [AGENT NODE 4] Thao tác: Trộn câu lệnh Prompt Ma trận cho Shot [150102]...
2026-07-30 15:11:37 [INFO] -> [PROMPT CORES] Đang thực thi trộn ma trận Token 9 lớp cho Shot ID: [150102]
2026-07-30 15:11:37 [INFO] -> [AGENT NODE 5] Thao tác: Đẩy Shot [150102] vào hàng đợi phần cứng GPU...
2026-07-30 15:11:37 [INFO] -> [RENDER QUEUE] Cú máy [Shot ID: 150102] đang xếp hàng ➔ [WAITING]
2026-07-30 15:11:37 [INFO] -> [RENDER QUEUE] GPU đang tính toán khung hình ➔ [RENDERING]
2026-07-30 15:11:38 [INFO] -> [AGENT NODE 8] [✓] Hoàn tất Shot [150102] -> Khóa trạng thái COMPLETED.
2026-07-30 15:11:38 [INFO] -> [AGENT NODE 4] Thao tác: Trộn câu lệnh Prompt Ma trận cho Shot [150103]...
2026-07-30 15:11:38 [INFO] -> [PROMPT CORES] Đang thực thi trộn ma trận Token 9 lớp cho Shot ID: [150103]
2026-07-30 15:11:38 [INFO] -> [AGENT NODE 5] Thao tác: Đẩy Shot [150103] vào hàng đợi phần cứng GPU...
2026-07-30 15:11:38 [INFO] -> [RENDER QUEUE] Cú máy [Shot ID: 150103] đang xếp hàng ➔ [WAITING]
2026-07-30 15:11:39 [INFO] -> [RENDER QUEUE] GPU đang tính toán khung hình ➔ [RENDERING]
2026-07-30 15:11:39 [INFO] -> [AGENT NODE 8] [✓] Hoàn tất Shot [150103] -> Khóa trạng thái COMPLETED.
2026-07-30 15:11:39 [INFO] -> =============================================================================
2026-07-30 15:11:39 [INFO] -> [🤖 AGENT SUCCESS] QUY TRÌNH TỰ TRỊ HOÀN THÀNH XUẤT SẮC! TIẾN ĐỘ ĐẠT 100% [✓]
2026-07-30 15:11:39 [INFO] -> =============================================================================
2026-07-30 15:11:40 [INFO] -> [CONSISTENCY] Phát hiện yêu cầu thay đổi diện mạo [HAIR] cho nhân vật [To Moc] -> 'short black hair'
2026-07-30 15:11:40 [INFO] -> [✓ SUCCESS] Lan truyền thành công! Đã đồng bộ diện mạo mới cho 1 cú máy chưa render.
2026-07-30 15:11:40 [INFO] -> [CONTROLLER] Tiếp nhận gói chỉ thị sản xuất từ tầng GUI cho Tập phim 15...
2026-07-30 15:11:40 [INFO] -> [STORYBOARD] Đang thực thi bóc tách logic đơn nhất (Single Responsibility)...
2026-07-30 15:11:40 [INFO] -> [SDK ENGINE] Plugin [LTX_STUDIO_AUTOMATION] đã được kích hoạt trên hệ thống.
2026-07-30 15:11:40 [INFO] -> [LTX_STUDIO_AUTOMATION] Đang thiết lập cấu hình khóa bảo mật API Stream...
2026-07-30 15:11:40 [INFO] -> =============================================================================
2026-07-30 15:11:40 [INFO] -> [🤖 AI AGENT] BẮT ĐẦU VÒNG ĐỜI ĐIỀU PHỐI TỰ TRỊ CHO TẬP PHIM 15...
2026-07-30 15:11:40 [INFO] -> =============================================================================
2026-07-30 15:11:40 [INFO] -> [AGENT NODE 1] Thao tác: Đọc phân tích cấu trúc chữ Chapter...
2026-07-30 15:11:41 [INFO] -> [AGENT NODE 2] Thao tác: Tự động phân rã mạch truyện thành các phân cảnh lớn...
2026-07-30 15:11:41 [INFO] -> [AGENT NODE 3] Thao tác: Phân rã Scene [1501] thành các Shots...
2026-07-30 15:11:41 [INFO] -> Shot Builder: Đang bẻ phân cảnh ID [1501] theo phân lớp Studio...
2026-07-30 15:11:41 [INFO] -> [AGENT NODE 4] Thao tác: Trộn câu lệnh Prompt Ma trận cho Shot [150101]...
2026-07-30 15:11:41 [INFO] -> [DREAMFORGE CORE] Tiến hành gộp ma trận tham số điện ảnh tĩnh...
2026-07-30 15:11:41 [INFO] -> [CAMERA PLANNER] Đã ghim thông số: Khung hình=Wide Shot, Ống kính=24mm, Chuyển động=Slow Push
2026-07-30 15:11:41 [INFO] -> [LIGHTING PLANNER] Đã ghim bộ lọc: Morning (Volumetric with Sun Rays)
2026-07-30 15:11:41 [INFO] -> [FX PLANNER] Đã khóa bộ hạt môi trường: Gió=[gentle blowing wind], Hiệu ứng=[falling cinematic tree leaves]
2026-07-30 15:11:41 [INFO] -> [AUDIO PLANNER] Đã cấu trúc chỉ thị âm thanh: Nhạc=[traditional chinese orchestra]
2026-07-30 15:11:41 [INFO] -> [AGENT NODE 5 & 6] Thao tác: Phát chỉ thị xuống LTX Adapter để Render và sao chép Clipboard...
2026-07-30 15:11:41 [INFO] -> [LTX_STUDIO_AUTOMATION] [GPU ENGAGED] Đang đẩy chỉ thị Render cho shot_150101...
2026-07-30 15:11:41 [INFO] -> [AGENT NODE 4] Thao tác: Trộn câu lệnh Prompt Ma trận cho Shot [150102]...
2026-07-30 15:11:41 [INFO] -> [DREAMFORGE CORE] Tiến hành gộp ma trận tham số điện ảnh tĩnh...
2026-07-30 15:11:41 [INFO] -> [CAMERA PLANNER] Đã ghim thông số: Khung hình=Close-Up Shot, Ống kính=85mm, Chuyển động=Static
2026-07-30 15:11:41 [INFO] -> [LIGHTING PLANNER] Đã ghim bộ lọc: Morning (Volumetric with Sun Rays)
2026-07-30 15:11:41 [INFO] -> [FX PLANNER] Đã khóa bộ hạt môi trường: Gió=[gentle blowing wind], Hiệu ứng=[falling cinematic tree leaves]
2026-07-30 15:11:41 [INFO] -> [AUDIO PLANNER] Đã cấu trúc chỉ thị âm thanh: Nhạc=[traditional chinese orchestra]
2026-07-30 15:11:41 [INFO] -> [AGENT NODE 5 & 6] Thao tác: Phát chỉ thị xuống LTX Adapter để Render và sao chép Clipboard...
2026-07-30 15:11:41 [INFO] -> [LTX_STUDIO_AUTOMATION] [GPU ENGAGED] Đang đẩy chỉ thị Render cho shot_150102...
2026-07-30 15:11:41 [INFO] -> [AGENT NODE 7] Thao tác: Kích hoạt Episode Builder gộp nối toàn bộ Shots...
2026-07-30 15:11:41 [INFO] -> [EPISODE BUILDER] Kích hoạt luồng đóng gói Tập phim 15...
2026-07-30 15:11:41 [INFO] ->  -> Danh sách phân cảnh tích hợp: ['scene_01']
2026-07-30 15:11:43 [INFO] -> [SUCCESS] Quy trình đóng gói hoàn tất. Tệp phim dài sẵn sàng: 'projects\ToanDanTaoPhong\exports\Episode15.mp4'
2026-07-30 15:11:43 [INFO] -> [AGENT NODE 8] [✓] Đăng tải tự động lên YouTube thành công! Tiến độ: 100%
2026-07-30 15:11:43 [INFO] -> =============================================================================
2026-07-30 15:11:43 [INFO] -> [SCHEDULER] Điều phối mạch sản xuất phân tầng cho Tập phim 15...
2026-07-30 15:11:43 [INFO] -> [API] ➔ [1/5] open_project: Khai hỏa dự án phim 'ToanDanTaoPhong'
2026-07-30 15:11:43 [INFO] -> [API] ➔ [2/5] current_scene: Đóng băng không gian Cảnh phim ID: [1501]
2026-07-30 15:11:43 [INFO] -> [API] ➔ [3/5] get_character: Nạp Token diện mạo cho nhân vật 'To Moc'
2026-07-30 15:11:43 [INFO] -> [API] ➔ [4/5] build_prompt: Đang xếp chồng các lớp Component Token...
2026-07-30 15:11:43 [INFO] -> [API] ➔ [5/5] render: Đang đẩy payload sang hàng đợi GPU phần cứng...
2026-07-30 15:11:43 [INFO] -> [EPISODE SERVICE] Đang tính toán ma trận tiến độ cho Tập phim 15...
2026-07-30 15:11:43 [INFO] -> [SDK ENGINE] Plugin [LTX_STUDIO_AUTOMATION] đã được kích hoạt trên hệ thống.
2026-07-30 15:11:43 [INFO] -> [LTX_STUDIO_AUTOMATION] [GPU ENGAGED] Đang đẩy chỉ thị Render cho scene_01...
2026-07-30 15:11:43 [INFO] -> [SDK ENGINE] Plugin [LTX_STUDIO_AUTOMATION] đã tạm dừng kích hoạt.
2026-07-30 15:11:48 [INFO] -> [LTX WORKSPACE] Cú máy [Shot ID: 150101] đã chuyển trạng thái thành công sang -> [APPROVED]
2026-07-30 15:11:48 [INFO] -> [SCHEDULER] Điều phối mạch sản xuất phân tầng cho Tập phim 15...
2026-07-30 15:11:48 [INFO] -> [TIMELINE ENGINE] Cú máy [Shot ID: 150101] đã được cập nhật thời lượng mới -> 5.5s
2026-07-30 15:11:48 [INFO] -> [DREAMFORGE CORE] Tiến hành gộp ma trận tham số điện ảnh tĩnh...
2026-07-30 15:11:48 [INFO] -> [CAMERA PLANNER] Đã ghim thông số: Khung hình=Wide Shot, Ống kính=24mm, Chuyển động=Slow Push
2026-07-30 15:11:48 [INFO] -> [LIGHTING PLANNER] Đã ghim bộ lọc: Morning (Volumetric with Sun Rays)
2026-07-30 15:11:48 [INFO] -> [FX PLANNER] Đã khóa bộ hạt môi trường: Gió=[gentle blowing wind], Hiệu ứng=[falling cinematic tree leaves]
2026-07-30 15:11:48 [INFO] -> [AUDIO PLANNER] Đã cấu trúc chỉ thị âm thanh: Nhạc=[traditional chinese orchestra]
2026-07-30 15:11:48 [INFO] -> [PROMPT SERVICE] Biên dịch Prompt thông qua lớp Template...
2026-07-30 15:11:48 [INFO] -> [PROMPT TEMPLATE] Đã biên dịch thành công mẫu câu lệnh [Key: DONGHUA_3D]
2026-07-30 15:11:48 [INFO] -> [PROMPT CORES] Đang thực thi trộn ma trận Token 9 lớp cho Shot ID: [150101]
2026-07-30 15:11:48 [INFO] -> [PROMPT CORES] Đang thực thi trộn ma trận Token 9 lớp cho Shot ID: [150101]
2026-07-30 15:11:49 [WARNING] -> [RETRY ENGINE] Kích hoạt lệnh cứu hộ! Đang tái nạp hàng đợi cho Shot Lỗi: [150109]
2026-07-30 15:11:49 [INFO] -> [RENDER QUEUE] Cú máy [Shot ID: 150109] đang xếp hàng ➔ [WAITING]
2026-07-30 15:11:49 [INFO] -> [RENDER QUEUE] GPU đang tính toán khung hình ➔ [RENDERING]
2026-07-30 15:11:49 [INFO] -> [EXPORT CENTER] Đang kích hoạt dây chuyền đóng gói thương mại cho Tập phim 15...
2026-07-30 15:11:49 [INFO] -> [✓ SUCCESS] Đóng gói thành công! Metadata SEO đã được khóa ổn định.
2026-07-30 15:11:49 [INFO] -> [SCENE INTEL] Đang phân rã gói dữ liệu cấu trúc YAML của Đạo diễn AI...
2026-07-30 15:11:49 [INFO] ->  -> [✓] Tiêu đề cảnh: Gặp nhau tại học viện
2026-07-30 15:11:49 [INFO] ->  -> [✓] Trạng thái cảm xúc phát hiện: ['Bình tĩnh', 'Mong chờ']
2026-07-30 15:11:49 [INFO] ->  -> [✓] Danh sách góc máy chỉ định: ['Establishing Shot', 'Medium Shot', 'Close Up']
2026-07-30 15:11:49 [INFO] -> [LTX_STUDIO_AUTOMATION] Đang thiết lập cấu hình khóa bảo mật API Stream...
2026-07-30 15:11:49 [INFO] -> [SDK ENGINE] Plugin [LTX_STUDIO_AUTOMATION] đã được kích hoạt trên hệ thống.
2026-07-30 15:11:49 [INFO] -> [LTX_STUDIO_AUTOMATION] [GPU ENGAGED] Đang đẩy chỉ thị Render cho shot_1501...
2026-07-30 15:11:50 [INFO] -> [SHOT MANAGER] Tiến hành bẻ nhỏ Scene ID [15] thành chuỗi cắt cảnh...
2026-07-30 15:11:50 [INFO] ->  -> [✓] Khởi tạo Shot 01: ESTABLISHING | Thời lượng: 5.0s
2026-07-30 15:11:50 [INFO] ->  -> [✓] Khởi tạo Shot 02: WALKING | Thời lượng: 4.0s
2026-07-30 15:11:50 [INFO] ->  -> [✓] Khởi tạo Shot 03: DIALOGUE | Thời lượng: 4.0s
2026-07-30 15:11:50 [INFO] -> [SHOT PLANNER] Đang khởi chạy ma trận phân rã góc máy cho Scene ID: [701]
2026-07-30 15:11:50 [INFO] ->  -> Khởi tạo thành công: [Shot 01] Ngữ cảnh: ESTABLISHING | Thời lượng: 5.0s
2026-07-30 15:11:50 [INFO] ->  -> Khởi tạo thành công: [Shot 02] Ngữ cảnh: DOOR OPENING | Thời lượng: 4.0s
2026-07-30 15:11:50 [INFO] ->  -> Khởi tạo thành công: [Shot 03] Ngữ cảnh: REACTION | Thời lượng: 2.0s
2026-07-30 15:11:50 [INFO] ->  -> Khởi tạo thành công: [Shot 04] Ngữ cảnh: DIALOGUE | Thời lượng: 3.0s
2026-07-30 15:11:50 [INFO] -> [CAMERA PLANNER] Đã ghim thông số: Khung hình=Wide Shot, Ống kính=24mm, Chuyển động=Slow Push
2026-07-30 15:11:50 [INFO] -> [LIGHTING PLANNER] Đã ghim bộ lọc: Morning (Volumetric with Sun Rays)
2026-07-30 15:11:50 [INFO] -> [AI DIRECTOR] Đang bóc tách chỉ đạo nghệ thuật cho Cú máy số 01...
2026-07-30 15:11:50 [INFO] -> [WORKFLOW] Mạch sản xuất tịnh tiến: [EPISODE] ➔ ➔ ➔ [CHAPTER]
2026-07-30 15:11:50 [INFO] -> [WORKFLOW] Mạch sản xuất tịnh tiến: [CHAPTER] ➔ ➔ ➔ [SCENE]
2026-07-30 15:11:50 [INFO] -> [WORKFLOW] Mạch sản xuất tịnh tiến: [SCENE] ➔ ➔ ➔ [SHOT]
2026-07-30 15:11:50 [INFO] -> [WORKFLOW] Mạch sản xuất tịnh tiến: [SHOT] ➔ ➔ ➔ [ASSET]
2026-07-30 15:11:50 [INFO] -> [WORKFLOW] Mạch sản xuất tịnh tiến: [ASSET] ➔ ➔ ➔ [PROMPT]
2026-07-30 15:11:50 [INFO] -> [WORKFLOW] Mạch sản xuất tịnh tiến: [PROMPT] ➔ ➔ ➔ [RENDER]
2026-07-30 15:11:50 [INFO] -> [WORKFLOW] Mạch sản xuất tịnh tiến: [RENDER] ➔ ➔ ➔ [REVIEW]
2026-07-30 15:11:50 [INFO] -> [WORKFLOW] Mạch sản xuất tịnh tiến: [REVIEW] ➔ ➔ ➔ [EXPORT]
2026-07-30 15:11:50 [INFO] -> [STORYBOARD] Đang thực thi bóc tách logic đơn nhất (Single Responsibility)...
2026-07-30 15:11:50 [INFO] -> Prompt Builder: Đã áp dụng mẫu [ltx_action] tự động cho [SCENE_01_002]
2026-07-30 15:11:50 [INFO] -> Prompt Builder: Đã áp dụng mẫu [ltx_dialogue] tự động cho [SCENE_01_001]
2026-07-30 15:11:50 [INFO] -> Prompt Builder 2.0: Đã hoàn tất ma trận sinh Prompt cho [Shot ID: 150101].
2026-07-30 15:11:50 [INFO] -> Prompt Builder 2.0: Đã hoàn tất ma trận sinh Prompt cho [Shot ID: 150102].
2026-07-30 15:11:51 [INFO] -> [DREAMFORGE CORE] Tiến hành gộp ma trận tham số điện ảnh tĩnh...
2026-07-30 15:11:51 [INFO] -> [CAMERA PLANNER] Đã ghim thông số: Khung hình=Close-Up Shot, Ống kính=85mm, Chuyển động=Static
2026-07-30 15:11:51 [INFO] -> [LIGHTING PLANNER] Đã ghim bộ lọc: Morning (Volumetric with Sun Rays)
2026-07-30 15:11:51 [INFO] -> [FX PLANNER] Đã khóa bộ hạt môi trường: Gió=[gentle blowing wind], Hiệu ứng=[falling cinematic tree leaves]
2026-07-30 15:11:51 [INFO] -> [AUDIO PLANNER] Đã cấu trúc chỉ thị âm thanh: Nhạc=[traditional chinese orchestra]
2026-07-30 15:11:51 [INFO] -> [SDK ENGINE] Plugin [LTX_STUDIO_ADAPTER] đã được kích hoạt trên hệ thống.
2026-07-30 15:11:51 [INFO] -> [LTX_STUDIO_ADAPTER] Khởi tạo cổng kết nối hạ tầng phần cứng LTX: ĐẠT [✓]
2026-07-30 15:11:51 [INFO] -> [LTX_STUDIO_ADAPTER] Đang tính toán phân rã trường ảnh kết xuất cho shot_01...
2026-07-30 15:11:51 [INFO] -> [SDK ENGINE] Plugin [LTX_STUDIO_ADAPTER] đã tạm hủy kích hoạt.
2026-07-30 15:11:51 [INFO] -> [ASSET MANAGER] Khởi tạo thành công cây thư mục lưu trữ: projects\ToanDanTaoPhong_Test\renders\scenes
2026-07-30 15:11:51 [INFO] -> [ASSET MANAGER] Đã đồng bộ cú máy vật lý -> [projects\ToanDanTaoPhong_Test\renders\scenes\Shot01.mp4]
2026-07-30 15:14:22 [INFO] -> =============================================================================
2026-07-30 15:14:22 [INFO] -> [🤖 AI AGENT] BẮT ĐẦU VÒNG ĐỜI ĐIỀU PHỐI TỰ TRỊ CHO TẬP PHIM 15...
2026-07-30 15:14:22 [INFO] -> =============================================================================
2026-07-30 15:14:22 [INFO] -> [AGENT NODE 1] Thao tác: Đọc phân tích cấu trúc chữ Chapter...
2026-07-30 15:14:22 [INFO] -> [AGENT NODE 2] Thao tác: Tự động phân rã mạch truyện thành các phân cảnh lớn...
2026-07-30 15:14:22 [INFO] -> [AGENT NODE 3] Thao tác: Phân rã Scene [1501] thành các Shots...
2026-07-30 15:14:22 [INFO] -> [SHOT MANAGER] Tiến hành bẻ nhỏ Scene ID [1501] thành chuỗi cắt cảnh...
2026-07-30 15:14:22 [INFO] ->  -> [✓] Khởi tạo Shot 01: ESTABLISHING | Thời lượng: 5.0s
2026-07-30 15:14:22 [INFO] ->  -> [✓] Khởi tạo Shot 02: WALKING | Thời lượng: 4.0s
2026-07-30 15:14:22 [INFO] ->  -> [✓] Khởi tạo Shot 03: DIALOGUE | Thời lượng: 4.0s
2026-07-30 15:14:22 [INFO] -> [AGENT NODE 4] Thao tác: Trộn câu lệnh Prompt Ma trận cho Shot [150101]...
2026-07-30 15:14:22 [INFO] -> [PROMPT CORES] Đang thực thi trộn ma trận Token 9 lớp cho Shot ID: [150101]
2026-07-30 15:14:22 [INFO] -> [AGENT NODE 5] Thao tác: Đẩy Shot [150101] vào hàng đợi phần cứng GPU...
2026-07-30 15:14:23 [INFO] -> [RENDER QUEUE] Cú máy [Shot ID: 150101] đang xếp hàng ➔ [WAITING]
2026-07-30 15:14:23 [INFO] -> [RENDER QUEUE] GPU đang tính toán khung hình ➔ [RENDERING]
2026-07-30 15:14:23 [INFO] -> [AGENT NODE 8] [✓] Hoàn tất Shot [150101] -> Khóa trạng thái COMPLETED.
2026-07-30 15:14:23 [INFO] -> [AGENT NODE 4] Thao tác: Trộn câu lệnh Prompt Ma trận cho Shot [150102]...
2026-07-30 15:14:23 [INFO] -> [PROMPT CORES] Đang thực thi trộn ma trận Token 9 lớp cho Shot ID: [150102]
2026-07-30 15:14:23 [INFO] -> [AGENT NODE 5] Thao tác: Đẩy Shot [150102] vào hàng đợi phần cứng GPU...
2026-07-30 15:14:23 [INFO] -> [RENDER QUEUE] Cú máy [Shot ID: 150102] đang xếp hàng ➔ [WAITING]
2026-07-30 15:14:23 [INFO] -> [RENDER QUEUE] GPU đang tính toán khung hình ➔ [RENDERING]
2026-07-30 15:14:24 [INFO] -> [AGENT NODE 8] [✓] Hoàn tất Shot [150102] -> Khóa trạng thái COMPLETED.
2026-07-30 15:14:24 [INFO] -> [AGENT NODE 4] Thao tác: Trộn câu lệnh Prompt Ma trận cho Shot [150103]...
2026-07-30 15:14:24 [INFO] -> [PROMPT CORES] Đang thực thi trộn ma trận Token 9 lớp cho Shot ID: [150103]
2026-07-30 15:14:24 [INFO] -> [AGENT NODE 5] Thao tác: Đẩy Shot [150103] vào hàng đợi phần cứng GPU...
2026-07-30 15:14:24 [INFO] -> [RENDER QUEUE] Cú máy [Shot ID: 150103] đang xếp hàng ➔ [WAITING]
2026-07-30 15:14:24 [INFO] -> [RENDER QUEUE] GPU đang tính toán khung hình ➔ [RENDERING]
2026-07-30 15:14:24 [INFO] -> [AGENT NODE 8] [✓] Hoàn tất Shot [150103] -> Khóa trạng thái COMPLETED.
2026-07-30 15:14:24 [INFO] -> =============================================================================
2026-07-30 15:14:24 [INFO] -> [🤖 AGENT SUCCESS] QUY TRÌNH TỰ TRỊ HOÀN THÀNH XUẤT SẮC! TIẾN ĐỘ ĐẠT 100% [✓]
2026-07-30 15:14:24 [INFO] -> =============================================================================
2026-07-30 15:14:24 [INFO] -> [CONSISTENCY] Phát hiện yêu cầu thay đổi diện mạo [HAIR] cho nhân vật [To Moc] -> 'short black hair'
2026-07-30 15:14:24 [INFO] -> [✓ SUCCESS] Lan truyền thành công! Đã đồng bộ diện mạo mới cho 1 cú máy chưa render.
2026-07-30 15:14:25 [INFO] -> [CONTROLLER] Tiếp nhận gói chỉ thị sản xuất từ tầng GUI cho Tập phim 15...
2026-07-30 15:14:25 [INFO] -> [STORYBOARD] Đang thực thi bóc tách logic đơn nhất (Single Responsibility)...
2026-07-30 15:14:25 [INFO] -> [SDK ENGINE] Plugin [LTX_STUDIO_AUTOMATION] đã được kích hoạt trên hệ thống.
2026-07-30 15:14:25 [INFO] -> [LTX_STUDIO_AUTOMATION] Đang thiết lập cấu hình khóa bảo mật API Stream...
2026-07-30 15:14:25 [INFO] -> =============================================================================
2026-07-30 15:14:25 [INFO] -> [🤖 AI AGENT] BẮT ĐẦU VÒNG ĐỜI ĐIỀU PHỐI TỰ TRỊ CHO TẬP PHIM 15...
2026-07-30 15:14:25 [INFO] -> =============================================================================
2026-07-30 15:14:25 [INFO] -> [AGENT NODE 1] Thao tác: Đọc phân tích cấu trúc chữ Chapter...
2026-07-30 15:14:25 [INFO] -> [AGENT NODE 2] Thao tác: Tự động phân rã mạch truyện thành các phân cảnh lớn...
2026-07-30 15:14:25 [INFO] -> [AGENT NODE 3] Thao tác: Phân rã Scene [1501] thành các Shots...
2026-07-30 15:14:25 [INFO] -> Shot Builder: Đang bẻ phân cảnh ID [1501] theo phân lớp Studio...
2026-07-30 15:14:25 [INFO] -> [AGENT NODE 4] Thao tác: Trộn câu lệnh Prompt Ma trận cho Shot [150101]...
2026-07-30 15:14:25 [INFO] -> [DREAMFORGE CORE] Tiến hành gộp ma trận tham số điện ảnh tĩnh...
2026-07-30 15:14:25 [INFO] -> [CAMERA PLANNER] Đã ghim thông số: Khung hình=Wide Shot, Ống kính=24mm, Chuyển động=Slow Push
2026-07-30 15:14:25 [INFO] -> [LIGHTING PLANNER] Đã ghim bộ lọc: Morning (Volumetric with Sun Rays)
2026-07-30 15:14:25 [INFO] -> [FX PLANNER] Đã khóa bộ hạt môi trường: Gió=[gentle blowing wind], Hiệu ứng=[falling cinematic tree leaves]
2026-07-30 15:14:25 [INFO] -> [AUDIO PLANNER] Đã cấu trúc chỉ thị âm thanh: Nhạc=[traditional chinese orchestra]
2026-07-30 15:14:25 [INFO] -> [AGENT NODE 5 & 6] Thao tác: Phát chỉ thị xuống LTX Adapter để Render và sao chép Clipboard...
2026-07-30 15:14:25 [INFO] -> [LTX_STUDIO_AUTOMATION] [GPU ENGAGED] Đang đẩy chỉ thị Render cho shot_150101...
2026-07-30 15:14:25 [INFO] -> [AGENT NODE 4] Thao tác: Trộn câu lệnh Prompt Ma trận cho Shot [150102]...
2026-07-30 15:14:25 [INFO] -> [DREAMFORGE CORE] Tiến hành gộp ma trận tham số điện ảnh tĩnh...
2026-07-30 15:14:25 [INFO] -> [CAMERA PLANNER] Đã ghim thông số: Khung hình=Close-Up Shot, Ống kính=85mm, Chuyển động=Static
2026-07-30 15:14:25 [INFO] -> [LIGHTING PLANNER] Đã ghim bộ lọc: Morning (Volumetric with Sun Rays)
2026-07-30 15:14:25 [INFO] -> [FX PLANNER] Đã khóa bộ hạt môi trường: Gió=[gentle blowing wind], Hiệu ứng=[falling cinematic tree leaves]
2026-07-30 15:14:25 [INFO] -> [AUDIO PLANNER] Đã cấu trúc chỉ thị âm thanh: Nhạc=[traditional chinese orchestra]
2026-07-30 15:14:25 [INFO] -> [AGENT NODE 5 & 6] Thao tác: Phát chỉ thị xuống LTX Adapter để Render và sao chép Clipboard...
2026-07-30 15:14:25 [INFO] -> [LTX_STUDIO_AUTOMATION] [GPU ENGAGED] Đang đẩy chỉ thị Render cho shot_150102...
2026-07-30 15:14:25 [INFO] -> [AGENT NODE 7] Thao tác: Kích hoạt Episode Builder gộp nối toàn bộ Shots...
2026-07-30 15:14:25 [INFO] -> [EPISODE BUILDER] Kích hoạt luồng đóng gói Tập phim 15...
2026-07-30 15:14:25 [INFO] ->  -> Danh sách phân cảnh tích hợp: ['scene_01']
2026-07-30 15:14:27 [INFO] -> [SUCCESS] Quy trình đóng gói hoàn tất. Tệp phim dài sẵn sàng: 'projects\ToanDanTaoPhong\exports\Episode15.mp4'
2026-07-30 15:14:27 [INFO] -> [AGENT NODE 8] [✓] Đăng tải tự động lên YouTube thành công! Tiến độ: 100%
2026-07-30 15:14:27 [INFO] -> =============================================================================
2026-07-30 15:14:27 [INFO] -> [SCHEDULER] Điều phối mạch sản xuất phân tầng cho Tập phim 15...
2026-07-30 15:14:27 [INFO] -> [API] ➔ [1/5] open_project: Khai hỏa dự án phim 'ToanDanTaoPhong'
2026-07-30 15:14:27 [INFO] -> [API] ➔ [2/5] current_scene: Đóng băng không gian Cảnh phim ID: [1501]
2026-07-30 15:14:27 [INFO] -> [API] ➔ [3/5] get_character: Nạp Token diện mạo cho nhân vật 'To Moc'
2026-07-30 15:14:27 [INFO] -> [API] ➔ [4/5] build_prompt: Đang xếp chồng các lớp Component Token...
2026-07-30 15:14:27 [INFO] -> [API] ➔ [5/5] render: Đang đẩy payload sang hàng đợi GPU phần cứng...
2026-07-30 15:14:27 [INFO] -> [EPISODE SERVICE] Đang tính toán ma trận tiến độ cho Tập phim 15...
2026-07-30 15:14:27 [INFO] -> [SDK ENGINE] Plugin [LTX_STUDIO_AUTOMATION] đã được kích hoạt trên hệ thống.
2026-07-30 15:14:27 [INFO] -> [LTX_STUDIO_AUTOMATION] [GPU ENGAGED] Đang đẩy chỉ thị Render cho scene_01...
2026-07-30 15:14:27 [INFO] -> [SDK ENGINE] Plugin [LTX_STUDIO_AUTOMATION] đã tạm dừng kích hoạt.
2026-07-30 15:14:30 [INFO] -> [LTX WORKSPACE] Cú máy [Shot ID: 150101] đã chuyển trạng thái thành công sang -> [APPROVED]
2026-07-30 15:14:30 [INFO] -> [SCHEDULER] Điều phối mạch sản xuất phân tầng cho Tập phim 15...
2026-07-30 15:14:30 [INFO] -> [TIMELINE ENGINE] Cú máy [Shot ID: 150101] đã được cập nhật thời lượng mới -> 5.5s
2026-07-30 15:14:30 [INFO] -> [DREAMFORGE CORE] Tiến hành gộp ma trận tham số điện ảnh tĩnh...
2026-07-30 15:14:30 [INFO] -> [CAMERA PLANNER] Đã ghim thông số: Khung hình=Wide Shot, Ống kính=24mm, Chuyển động=Slow Push
2026-07-30 15:14:30 [INFO] -> [LIGHTING PLANNER] Đã ghim bộ lọc: Morning (Volumetric with Sun Rays)
2026-07-30 15:14:30 [INFO] -> [FX PLANNER] Đã khóa bộ hạt môi trường: Gió=[gentle blowing wind], Hiệu ứng=[falling cinematic tree leaves]
2026-07-30 15:14:30 [INFO] -> [AUDIO PLANNER] Đã cấu trúc chỉ thị âm thanh: Nhạc=[traditional chinese orchestra]
2026-07-30 15:14:30 [INFO] -> [PROMPT SERVICE] Biên dịch Prompt thông qua lớp Template...
2026-07-30 15:14:30 [INFO] -> [PROMPT TEMPLATE] Đã biên dịch thành công mẫu câu lệnh [Key: DONGHUA_3D]
2026-07-30 15:14:30 [INFO] -> [PROMPT CORES] Đang thực thi trộn ma trận Token 9 lớp cho Shot ID: [150101]
2026-07-30 15:14:30 [INFO] -> [PROMPT CORES] Đang thực thi trộn ma trận Token 9 lớp cho Shot ID: [150101]
2026-07-30 15:14:30 [WARNING] -> [RETRY ENGINE] Kích hoạt lệnh cứu hộ! Đang tái nạp hàng đợi cho Shot Lỗi: [150109]
2026-07-30 15:14:31 [INFO] -> [RENDER QUEUE] Cú máy [Shot ID: 150109] đang xếp hàng ➔ [WAITING]
2026-07-30 15:14:31 [INFO] -> [RENDER QUEUE] GPU đang tính toán khung hình ➔ [RENDERING]
2026-07-30 15:14:31 [INFO] -> [EXPORT CENTER] Đang kích hoạt dây chuyền đóng gói thương mại cho Tập phim 15...
2026-07-30 15:14:31 [INFO] -> [✓ SUCCESS] Đóng gói thành công! Metadata SEO đã được khóa ổn định.
2026-07-30 15:14:31 [INFO] -> [SCENE INTEL] Đang phân rã gói dữ liệu cấu trúc YAML của Đạo diễn AI...
2026-07-30 15:14:31 [INFO] ->  -> [✓] Tiêu đề cảnh: Gặp nhau tại học viện
2026-07-30 15:14:31 [INFO] ->  -> [✓] Trạng thái cảm xúc phát hiện: ['Bình tĩnh', 'Mong chờ']
2026-07-30 15:14:31 [INFO] ->  -> [✓] Danh sách góc máy chỉ định: ['Establishing Shot', 'Medium Shot', 'Close Up']
2026-07-30 15:14:31 [INFO] -> [LTX_STUDIO_AUTOMATION] Đang thiết lập cấu hình khóa bảo mật API Stream...
2026-07-30 15:14:31 [INFO] -> [SDK ENGINE] Plugin [LTX_STUDIO_AUTOMATION] đã được kích hoạt trên hệ thống.
2026-07-30 15:14:31 [INFO] -> [LTX_STUDIO_AUTOMATION] [GPU ENGAGED] Đang đẩy chỉ thị Render cho shot_1501...
2026-07-30 15:14:32 [INFO] -> [SHOT MANAGER] Tiến hành bẻ nhỏ Scene ID [15] thành chuỗi cắt cảnh...
2026-07-30 15:14:32 [INFO] ->  -> [✓] Khởi tạo Shot 01: ESTABLISHING | Thời lượng: 5.0s
2026-07-30 15:14:32 [INFO] ->  -> [✓] Khởi tạo Shot 02: WALKING | Thời lượng: 4.0s
2026-07-30 15:14:32 [INFO] ->  -> [✓] Khởi tạo Shot 03: DIALOGUE | Thời lượng: 4.0s
2026-07-30 15:14:32 [INFO] -> [SHOT PLANNER] Đang khởi chạy ma trận phân rã góc máy cho Scene ID: [701]
2026-07-30 15:14:32 [INFO] ->  -> Khởi tạo thành công: [Shot 01] Ngữ cảnh: ESTABLISHING | Thời lượng: 5.0s
2026-07-30 15:14:32 [INFO] ->  -> Khởi tạo thành công: [Shot 02] Ngữ cảnh: DOOR OPENING | Thời lượng: 4.0s
2026-07-30 15:14:32 [INFO] ->  -> Khởi tạo thành công: [Shot 03] Ngữ cảnh: REACTION | Thời lượng: 2.0s
2026-07-30 15:14:32 [INFO] ->  -> Khởi tạo thành công: [Shot 04] Ngữ cảnh: DIALOGUE | Thời lượng: 3.0s
2026-07-30 15:14:32 [INFO] -> [CAMERA PLANNER] Đã ghim thông số: Khung hình=Wide Shot, Ống kính=24mm, Chuyển động=Slow Push
2026-07-30 15:14:32 [INFO] -> [LIGHTING PLANNER] Đã ghim bộ lọc: Morning (Volumetric with Sun Rays)
2026-07-30 15:14:32 [INFO] -> [AI DIRECTOR] Đang bóc tách chỉ đạo nghệ thuật cho Cú máy số 01...
2026-07-30 15:14:32 [INFO] -> [WORKFLOW] Mạch sản xuất tịnh tiến: [EPISODE] ➔ ➔ ➔ [CHAPTER]
2026-07-30 15:14:32 [INFO] -> [WORKFLOW] Mạch sản xuất tịnh tiến: [CHAPTER] ➔ ➔ ➔ [SCENE]
2026-07-30 15:14:32 [INFO] -> [WORKFLOW] Mạch sản xuất tịnh tiến: [SCENE] ➔ ➔ ➔ [SHOT]
2026-07-30 15:14:32 [INFO] -> [WORKFLOW] Mạch sản xuất tịnh tiến: [SHOT] ➔ ➔ ➔ [ASSET]
2026-07-30 15:14:32 [INFO] -> [WORKFLOW] Mạch sản xuất tịnh tiến: [ASSET] ➔ ➔ ➔ [PROMPT]
2026-07-30 15:14:32 [INFO] -> [WORKFLOW] Mạch sản xuất tịnh tiến: [PROMPT] ➔ ➔ ➔ [RENDER]
2026-07-30 15:14:32 [INFO] -> [WORKFLOW] Mạch sản xuất tịnh tiến: [RENDER] ➔ ➔ ➔ [REVIEW]
2026-07-30 15:14:32 [INFO] -> [WORKFLOW] Mạch sản xuất tịnh tiến: [REVIEW] ➔ ➔ ➔ [EXPORT]
2026-07-30 15:14:32 [INFO] -> [STORYBOARD] Đang thực thi bóc tách logic đơn nhất (Single Responsibility)...
2026-07-30 15:14:32 [INFO] -> Prompt Builder: Đã áp dụng mẫu [ltx_action] tự động cho [SCENE_01_002]
2026-07-30 15:14:32 [INFO] -> Prompt Builder: Đã áp dụng mẫu [ltx_dialogue] tự động cho [SCENE_01_001]
2026-07-30 15:14:32 [INFO] -> Prompt Builder 2.0: Đã hoàn tất ma trận sinh Prompt cho [Shot ID: 150101].
2026-07-30 15:14:32 [INFO] -> Prompt Builder 2.0: Đã hoàn tất ma trận sinh Prompt cho [Shot ID: 150102].
2026-07-30 15:14:32 [INFO] -> =============================================================================
2026-07-30 15:14:32 [INFO] -> [DREAMFORGE ENGINE] BẮT ĐẦU DÂY CHUYỀN SẢN XUẤT TỰ ĐỘNG KHÉP KÍN EPISODE 15...
2026-07-30 15:14:32 [INFO] -> =============================================================================
2026-07-30 15:14:32 [INFO] -> [NODE 1 & 2] Đang đọc tệp kịch bản gốc: projects/ToanDanTaoPhong/novel/chuong_15.docx
2026-07-30 15:14:32 [INFO] ->  -> [✓] Khởi tạo thực thể cấu trúc: Chapter 15
2026-07-30 15:14:32 [INFO] -> [NODE 3 & 4] Phân rã Chapter 15 thành các phân cảnh Scene & Cú máy Shot Object...
2026-07-30 15:14:33 [INFO] -> [DREAMFORGE CORE] Tiến hành gộp ma trận tham số điện ảnh tĩnh...
2026-07-30 15:14:33 [INFO] -> [CAMERA PLANNER] Đã ghim thông số: Khung hình=Close-Up Shot, Ống kính=85mm, Chuyển động=Static
2026-07-30 15:14:33 [INFO] -> [LIGHTING PLANNER] Đã ghim bộ lọc: Morning (Volumetric with Sun Rays)
2026-07-30 15:14:33 [INFO] -> [FX PLANNER] Đã khóa bộ hạt môi trường: Gió=[gentle blowing wind], Hiệu ứng=[falling cinematic tree leaves]
2026-07-30 15:14:33 [INFO] -> [AUDIO PLANNER] Đã cấu trúc chỉ thị âm thanh: Nhạc=[traditional chinese orchestra]
2026-07-30 15:14:33 [INFO] -> [SDK ENGINE] Plugin [LTX_STUDIO_ADAPTER] đã được kích hoạt trên hệ thống.
2026-07-30 15:14:33 [INFO] -> [LTX_STUDIO_ADAPTER] Khởi tạo cổng kết nối hạ tầng phần cứng LTX: ĐẠT [✓]
2026-07-30 15:14:33 [INFO] -> [LTX_STUDIO_ADAPTER] Đang tính toán phân rã trường ảnh kết xuất cho shot_01...
2026-07-30 15:14:33 [INFO] -> [SDK ENGINE] Plugin [LTX_STUDIO_ADAPTER] đã tạm hủy kích hoạt.
2026-07-30 15:14:33 [INFO] -> [ASSET MANAGER] Khởi tạo thành công cây thư mục lưu trữ: projects\ToanDanTaoPhong_Test\renders\scenes
2026-07-30 15:14:33 [INFO] -> [ASSET MANAGER] Đã đồng bộ cú máy vật lý -> [projects\ToanDanTaoPhong_Test\renders\scenes\Shot01.mp4]
2026-07-30 15:17:23 [INFO] -> =============================================================================
2026-07-30 15:17:23 [INFO] -> [🤖 AI AGENT] BẮT ĐẦU VÒNG ĐỜI ĐIỀU PHỐI TỰ TRỊ CHO TẬP PHIM 15...
2026-07-30 15:17:23 [INFO] -> =============================================================================
2026-07-30 15:17:23 [INFO] -> [AGENT NODE 1] Thao tác: Đọc phân tích cấu trúc chữ Chapter...
2026-07-30 15:17:23 [INFO] -> [AGENT NODE 2] Thao tác: Tự động phân rã mạch truyện thành các phân cảnh lớn...
2026-07-30 15:17:23 [INFO] -> [AGENT NODE 3] Thao tác: Phân rã Scene [1501] thành các Shots...
2026-07-30 15:17:23 [INFO] -> [SHOT MANAGER] Tiến hành bẻ nhỏ Scene ID [1501] thành chuỗi cắt cảnh...
2026-07-30 15:17:23 [INFO] ->  -> [✓] Khởi tạo Shot 01: ESTABLISHING | Thời lượng: 5.0s
2026-07-30 15:17:23 [INFO] ->  -> [✓] Khởi tạo Shot 02: WALKING | Thời lượng: 4.0s
2026-07-30 15:17:23 [INFO] ->  -> [✓] Khởi tạo Shot 03: DIALOGUE | Thời lượng: 4.0s
2026-07-30 15:17:23 [INFO] -> [AGENT NODE 4] Thao tác: Trộn câu lệnh Prompt Ma trận cho Shot [150101]...
2026-07-30 15:17:23 [INFO] -> [PROMPT CORES] Đang thực thi trộn ma trận Token 9 lớp cho Shot ID: [150101]
2026-07-30 15:17:23 [INFO] -> [AGENT NODE 5] Thao tác: Đẩy Shot [150101] vào hàng đợi phần cứng GPU...
2026-07-30 15:17:23 [INFO] -> [RENDER QUEUE] Cú máy [Shot ID: 150101] đang xếp hàng ➔ [WAITING]
2026-07-30 15:17:23 [INFO] -> [RENDER QUEUE] GPU đang tính toán khung hình ➔ [RENDERING]
2026-07-30 15:17:24 [INFO] -> [AGENT NODE 8] [✓] Hoàn tất Shot [150101] -> Khóa trạng thái COMPLETED.
2026-07-30 15:17:24 [INFO] -> [AGENT NODE 4] Thao tác: Trộn câu lệnh Prompt Ma trận cho Shot [150102]...
2026-07-30 15:17:24 [INFO] -> [PROMPT CORES] Đang thực thi trộn ma trận Token 9 lớp cho Shot ID: [150102]
2026-07-30 15:17:24 [INFO] -> [AGENT NODE 5] Thao tác: Đẩy Shot [150102] vào hàng đợi phần cứng GPU...
2026-07-30 15:17:24 [INFO] -> [RENDER QUEUE] Cú máy [Shot ID: 150102] đang xếp hàng ➔ [WAITING]
2026-07-30 15:17:24 [INFO] -> [RENDER QUEUE] GPU đang tính toán khung hình ➔ [RENDERING]
2026-07-30 15:17:24 [INFO] -> [AGENT NODE 8] [✓] Hoàn tất Shot [150102] -> Khóa trạng thái COMPLETED.
2026-07-30 15:17:24 [INFO] -> [AGENT NODE 4] Thao tác: Trộn câu lệnh Prompt Ma trận cho Shot [150103]...
2026-07-30 15:17:24 [INFO] -> [PROMPT CORES] Đang thực thi trộn ma trận Token 9 lớp cho Shot ID: [150103]
2026-07-30 15:17:24 [INFO] -> [AGENT NODE 5] Thao tác: Đẩy Shot [150103] vào hàng đợi phần cứng GPU...
2026-07-30 15:17:24 [INFO] -> [RENDER QUEUE] Cú máy [Shot ID: 150103] đang xếp hàng ➔ [WAITING]
2026-07-30 15:17:24 [INFO] -> [RENDER QUEUE] GPU đang tính toán khung hình ➔ [RENDERING]
2026-07-30 15:17:24 [INFO] -> [AGENT NODE 8] [✓] Hoàn tất Shot [150103] -> Khóa trạng thái COMPLETED.
2026-07-30 15:17:24 [INFO] -> =============================================================================
2026-07-30 15:17:24 [INFO] -> [🤖 AGENT SUCCESS] QUY TRÌNH TỰ TRỊ HOÀN THÀNH XUẤT SẮC! TIẾN ĐỘ ĐẠT 100% [✓]
2026-07-30 15:17:24 [INFO] -> =============================================================================
2026-07-30 15:17:25 [INFO] -> [CONSISTENCY] Phát hiện yêu cầu thay đổi diện mạo [HAIR] cho nhân vật [To Moc] -> 'short black hair'
2026-07-30 15:17:25 [INFO] -> [✓ SUCCESS] Lan truyền thành công! Đã đồng bộ diện mạo mới cho 1 cú máy chưa render.
2026-07-30 15:17:25 [INFO] -> [CONTROLLER] Tiếp nhận gói chỉ thị sản xuất từ tầng GUI cho Tập phim 15...
2026-07-30 15:17:25 [INFO] -> [STORYBOARD] Đang thực thi bóc tách logic đơn nhất (Single Responsibility)...
2026-07-30 15:17:25 [INFO] -> [SDK ENGINE] Plugin [LTX_STUDIO_AUTOMATION] đã được kích hoạt trên hệ thống.
2026-07-30 15:17:25 [INFO] -> [LTX_STUDIO_AUTOMATION] Đang thiết lập cấu hình khóa bảo mật API Stream...
2026-07-30 15:17:25 [INFO] -> =============================================================================
2026-07-30 15:17:25 [INFO] -> [🤖 AI AGENT] BẮT ĐẦU VÒNG ĐỜI ĐIỀU PHỐI TỰ TRỊ CHO TẬP PHIM 15...
2026-07-30 15:17:25 [INFO] -> =============================================================================
2026-07-30 15:17:25 [INFO] -> [AGENT NODE 1] Thao tác: Đọc phân tích cấu trúc chữ Chapter...
2026-07-30 15:17:25 [INFO] -> [AGENT NODE 2] Thao tác: Tự động phân rã mạch truyện thành các phân cảnh lớn...
2026-07-30 15:17:25 [INFO] -> [AGENT NODE 3] Thao tác: Phân rã Scene [1501] thành các Shots...
2026-07-30 15:17:25 [INFO] -> Shot Builder: Đang bẻ phân cảnh ID [1501] theo phân lớp Studio...
2026-07-30 15:17:25 [INFO] -> [AGENT NODE 4] Thao tác: Trộn câu lệnh Prompt Ma trận cho Shot [150101]...
2026-07-30 15:17:25 [INFO] -> [DREAMFORGE CORE] Tiến hành gộp ma trận tham số điện ảnh tĩnh...
2026-07-30 15:17:25 [INFO] -> [CAMERA PLANNER] Đã ghim thông số: Khung hình=Wide Shot, Ống kính=24mm, Chuyển động=Slow Push
2026-07-30 15:17:25 [INFO] -> [LIGHTING PLANNER] Đã ghim bộ lọc: Morning (Volumetric with Sun Rays)
2026-07-30 15:17:25 [INFO] -> [FX PLANNER] Đã khóa bộ hạt môi trường: Gió=[gentle blowing wind], Hiệu ứng=[falling cinematic tree leaves]
2026-07-30 15:17:25 [INFO] -> [AUDIO PLANNER] Đã cấu trúc chỉ thị âm thanh: Nhạc=[traditional chinese orchestra]
2026-07-30 15:17:25 [INFO] -> [AGENT NODE 5 & 6] Thao tác: Phát chỉ thị xuống LTX Adapter để Render và sao chép Clipboard...
2026-07-30 15:17:25 [INFO] -> [LTX_STUDIO_AUTOMATION] [GPU ENGAGED] Đang đẩy chỉ thị Render cho shot_150101...
2026-07-30 15:17:25 [INFO] -> [AGENT NODE 4] Thao tác: Trộn câu lệnh Prompt Ma trận cho Shot [150102]...
2026-07-30 15:17:25 [INFO] -> [DREAMFORGE CORE] Tiến hành gộp ma trận tham số điện ảnh tĩnh...
2026-07-30 15:17:25 [INFO] -> [CAMERA PLANNER] Đã ghim thông số: Khung hình=Close-Up Shot, Ống kính=85mm, Chuyển động=Static
2026-07-30 15:17:25 [INFO] -> [LIGHTING PLANNER] Đã ghim bộ lọc: Morning (Volumetric with Sun Rays)
2026-07-30 15:17:25 [INFO] -> [FX PLANNER] Đã khóa bộ hạt môi trường: Gió=[gentle blowing wind], Hiệu ứng=[falling cinematic tree leaves]
2026-07-30 15:17:25 [INFO] -> [AUDIO PLANNER] Đã cấu trúc chỉ thị âm thanh: Nhạc=[traditional chinese orchestra]
2026-07-30 15:17:25 [INFO] -> [AGENT NODE 5 & 6] Thao tác: Phát chỉ thị xuống LTX Adapter để Render và sao chép Clipboard...
2026-07-30 15:17:25 [INFO] -> [LTX_STUDIO_AUTOMATION] [GPU ENGAGED] Đang đẩy chỉ thị Render cho shot_150102...
2026-07-30 15:17:25 [INFO] -> [AGENT NODE 7] Thao tác: Kích hoạt Episode Builder gộp nối toàn bộ Shots...
2026-07-30 15:17:25 [INFO] -> [EPISODE BUILDER] Kích hoạt luồng đóng gói Tập phim 15...
2026-07-30 15:17:25 [INFO] ->  -> Danh sách phân cảnh tích hợp: ['scene_01']
2026-07-30 15:17:27 [INFO] -> [SUCCESS] Quy trình đóng gói hoàn tất. Tệp phim dài sẵn sàng: 'projects\ToanDanTaoPhong\exports\Episode15.mp4'
2026-07-30 15:17:27 [INFO] -> [AGENT NODE 8] [✓] Đăng tải tự động lên YouTube thành công! Tiến độ: 100%
2026-07-30 15:17:27 [INFO] -> =============================================================================
2026-07-30 15:17:27 [INFO] -> [SCHEDULER] Điều phối mạch sản xuất phân tầng cho Tập phim 15...
2026-07-30 15:17:27 [INFO] -> [API] ➔ [1/5] open_project: Khai hỏa dự án phim 'ToanDanTaoPhong'
2026-07-30 15:17:27 [INFO] -> [API] ➔ [2/5] current_scene: Đóng băng không gian Cảnh phim ID: [1501]
2026-07-30 15:17:27 [INFO] -> [API] ➔ [3/5] get_character: Nạp Token diện mạo cho nhân vật 'To Moc'
2026-07-30 15:17:27 [INFO] -> [API] ➔ [4/5] build_prompt: Đang xếp chồng các lớp Component Token...
2026-07-30 15:17:27 [INFO] -> [API] ➔ [5/5] render: Đang đẩy payload sang hàng đợi GPU phần cứng...
2026-07-30 15:17:27 [INFO] -> [EPISODE SERVICE] Đang tính toán ma trận tiến độ cho Tập phim 15...
2026-07-30 15:17:28 [INFO] -> [SDK ENGINE] Plugin [LTX_STUDIO_AUTOMATION] đã được kích hoạt trên hệ thống.
2026-07-30 15:17:28 [INFO] -> [LTX_STUDIO_AUTOMATION] [GPU ENGAGED] Đang đẩy chỉ thị Render cho scene_01...
2026-07-30 15:17:28 [INFO] -> [SDK ENGINE] Plugin [LTX_STUDIO_AUTOMATION] đã tạm dừng kích hoạt.
2026-07-30 15:17:30 [INFO] -> [LTX WORKSPACE] Cú máy [Shot ID: 150101] đã chuyển trạng thái thành công sang -> [APPROVED]
2026-07-30 15:17:30 [INFO] -> [SCHEDULER] Điều phối mạch sản xuất phân tầng cho Tập phim 15...
2026-07-30 15:17:30 [INFO] -> [TIMELINE ENGINE] Cú máy [Shot ID: 150101] đã được cập nhật thời lượng mới -> 5.5s
2026-07-30 15:17:30 [INFO] -> [DREAMFORGE CORE] Tiến hành gộp ma trận tham số điện ảnh tĩnh...
2026-07-30 15:17:30 [INFO] -> [CAMERA PLANNER] Đã ghim thông số: Khung hình=Wide Shot, Ống kính=24mm, Chuyển động=Slow Push
2026-07-30 15:17:30 [INFO] -> [LIGHTING PLANNER] Đã ghim bộ lọc: Morning (Volumetric with Sun Rays)
2026-07-30 15:17:30 [INFO] -> [FX PLANNER] Đã khóa bộ hạt môi trường: Gió=[gentle blowing wind], Hiệu ứng=[falling cinematic tree leaves]
2026-07-30 15:17:30 [INFO] -> [AUDIO PLANNER] Đã cấu trúc chỉ thị âm thanh: Nhạc=[traditional chinese orchestra]
2026-07-30 15:17:30 [INFO] -> [PROMPT SERVICE] Biên dịch Prompt thông qua lớp Template...
2026-07-30 15:17:30 [INFO] -> [PROMPT TEMPLATE] Đã biên dịch thành công mẫu câu lệnh [Key: DONGHUA_3D]
2026-07-30 15:17:30 [INFO] -> [PROMPT CORES] Đang thực thi trộn ma trận Token 9 lớp cho Shot ID: [150101]
2026-07-30 15:17:30 [INFO] -> [PROMPT CORES] Đang thực thi trộn ma trận Token 9 lớp cho Shot ID: [150101]
2026-07-30 15:17:30 [WARNING] -> [RETRY ENGINE] Kích hoạt lệnh cứu hộ! Đang tái nạp hàng đợi cho Shot Lỗi: [150109]
2026-07-30 15:17:30 [INFO] -> [RENDER QUEUE] Cú máy [Shot ID: 150109] đang xếp hàng ➔ [WAITING]
2026-07-30 15:17:31 [INFO] -> [RENDER QUEUE] GPU đang tính toán khung hình ➔ [RENDERING]
2026-07-30 15:17:31 [INFO] -> [EXPORT CENTER] Đang kích hoạt dây chuyền đóng gói thương mại cho Tập phim 15...
2026-07-30 15:17:31 [INFO] -> [✓ SUCCESS] Đóng gói thành công! Metadata SEO đã được khóa ổn định.
2026-07-30 15:17:31 [INFO] -> [SCENE INTEL] Đang phân rã gói dữ liệu cấu trúc YAML của Đạo diễn AI...
2026-07-30 15:17:31 [INFO] ->  -> [✓] Tiêu đề cảnh: Gặp nhau tại học viện
2026-07-30 15:17:31 [INFO] ->  -> [✓] Trạng thái cảm xúc phát hiện: ['Bình tĩnh', 'Mong chờ']
2026-07-30 15:17:31 [INFO] ->  -> [✓] Danh sách góc máy chỉ định: ['Establishing Shot', 'Medium Shot', 'Close Up']
2026-07-30 15:17:31 [INFO] -> [LTX_STUDIO_AUTOMATION] Đang thiết lập cấu hình khóa bảo mật API Stream...
2026-07-30 15:17:31 [INFO] -> [SDK ENGINE] Plugin [LTX_STUDIO_AUTOMATION] đã được kích hoạt trên hệ thống.
2026-07-30 15:17:31 [INFO] -> [LTX_STUDIO_AUTOMATION] [GPU ENGAGED] Đang đẩy chỉ thị Render cho shot_1501...
2026-07-30 15:17:31 [INFO] -> [SHOT MANAGER] Tiến hành bẻ nhỏ Scene ID [15] thành chuỗi cắt cảnh...
2026-07-30 15:17:31 [INFO] ->  -> [✓] Khởi tạo Shot 01: ESTABLISHING | Thời lượng: 5.0s
2026-07-30 15:17:31 [INFO] ->  -> [✓] Khởi tạo Shot 02: WALKING | Thời lượng: 4.0s
2026-07-30 15:17:31 [INFO] ->  -> [✓] Khởi tạo Shot 03: DIALOGUE | Thời lượng: 4.0s
2026-07-30 15:17:32 [INFO] -> [SHOT PLANNER] Đang khởi chạy ma trận phân rã góc máy cho Scene ID: [701]
2026-07-30 15:17:32 [INFO] ->  -> Khởi tạo thành công: [Shot 01] Ngữ cảnh: ESTABLISHING | Thời lượng: 5.0s
2026-07-30 15:17:32 [INFO] ->  -> Khởi tạo thành công: [Shot 02] Ngữ cảnh: DOOR OPENING | Thời lượng: 4.0s
2026-07-30 15:17:32 [INFO] ->  -> Khởi tạo thành công: [Shot 03] Ngữ cảnh: REACTION | Thời lượng: 2.0s
2026-07-30 15:17:32 [INFO] ->  -> Khởi tạo thành công: [Shot 04] Ngữ cảnh: DIALOGUE | Thời lượng: 3.0s
2026-07-30 15:17:32 [INFO] -> [CAMERA PLANNER] Đã ghim thông số: Khung hình=Wide Shot, Ống kính=24mm, Chuyển động=Slow Push
2026-07-30 15:17:32 [INFO] -> [LIGHTING PLANNER] Đã ghim bộ lọc: Morning (Volumetric with Sun Rays)
2026-07-30 15:17:32 [INFO] -> [AI DIRECTOR] Đang bóc tách chỉ đạo nghệ thuật cho Cú máy số 01...
2026-07-30 15:17:32 [INFO] -> [WORKFLOW] Mạch sản xuất tịnh tiến: [EPISODE] ➔ ➔ ➔ [CHAPTER]
2026-07-30 15:17:32 [INFO] -> [WORKFLOW] Mạch sản xuất tịnh tiến: [CHAPTER] ➔ ➔ ➔ [SCENE]
2026-07-30 15:17:32 [INFO] -> [WORKFLOW] Mạch sản xuất tịnh tiến: [SCENE] ➔ ➔ ➔ [SHOT]
2026-07-30 15:17:32 [INFO] -> [WORKFLOW] Mạch sản xuất tịnh tiến: [SHOT] ➔ ➔ ➔ [ASSET]
2026-07-30 15:17:32 [INFO] -> [WORKFLOW] Mạch sản xuất tịnh tiến: [ASSET] ➔ ➔ ➔ [PROMPT]
2026-07-30 15:17:32 [INFO] -> [WORKFLOW] Mạch sản xuất tịnh tiến: [PROMPT] ➔ ➔ ➔ [RENDER]
2026-07-30 15:17:32 [INFO] -> [WORKFLOW] Mạch sản xuất tịnh tiến: [RENDER] ➔ ➔ ➔ [REVIEW]
2026-07-30 15:17:32 [INFO] -> [WORKFLOW] Mạch sản xuất tịnh tiến: [REVIEW] ➔ ➔ ➔ [EXPORT]
2026-07-30 15:17:32 [INFO] -> [STORYBOARD] Đang thực thi bóc tách logic đơn nhất (Single Responsibility)...
2026-07-30 15:17:32 [INFO] -> Prompt Builder: Đã áp dụng mẫu [ltx_action] tự động cho [SCENE_01_002]
2026-07-30 15:17:32 [INFO] -> Prompt Builder: Đã áp dụng mẫu [ltx_dialogue] tự động cho [SCENE_01_001]
2026-07-30 15:17:32 [INFO] -> Prompt Builder 2.0: Đã hoàn tất ma trận sinh Prompt cho [Shot ID: 150101].
2026-07-30 15:17:32 [INFO] -> Prompt Builder 2.0: Đã hoàn tất ma trận sinh Prompt cho [Shot ID: 150102].
2026-07-30 15:17:32 [INFO] -> [DREAMFORGE CORE] Tiến hành gộp ma trận tham số điện ảnh tĩnh...
2026-07-30 15:17:32 [INFO] -> [CAMERA PLANNER] Đã ghim thông số: Khung hình=Close-Up Shot, Ống kính=85mm, Chuyển động=Static
2026-07-30 15:17:32 [INFO] -> [LIGHTING PLANNER] Đã ghim bộ lọc: Morning (Volumetric with Sun Rays)
2026-07-30 15:17:32 [INFO] -> [FX PLANNER] Đã khóa bộ hạt môi trường: Gió=[gentle blowing wind], Hiệu ứng=[falling cinematic tree leaves]
2026-07-30 15:17:32 [INFO] -> [AUDIO PLANNER] Đã cấu trúc chỉ thị âm thanh: Nhạc=[traditional chinese orchestra]
2026-07-30 15:17:32 [INFO] -> [SDK ENGINE] Plugin [LTX_STUDIO_ADAPTER] đã được kích hoạt trên hệ thống.
2026-07-30 15:17:32 [INFO] -> [LTX_STUDIO_ADAPTER] Khởi tạo cổng kết nối hạ tầng phần cứng LTX: ĐẠT [✓]
2026-07-30 15:17:32 [INFO] -> [LTX_STUDIO_ADAPTER] Đang tính toán phân rã trường ảnh kết xuất cho shot_01...
2026-07-30 15:17:32 [INFO] -> [SDK ENGINE] Plugin [LTX_STUDIO_ADAPTER] đã tạm hủy kích hoạt.
2026-07-30 15:17:32 [INFO] -> [ASSET MANAGER] Khởi tạo thành công cây thư mục lưu trữ: projects\ToanDanTaoPhong_Test\renders\scenes
2026-07-30 15:17:32 [INFO] -> [ASSET MANAGER] Đã đồng bộ cú máy vật lý -> [projects\ToanDanTaoPhong_Test\renders\scenes\Shot01.mp4]
2026-07-30 15:19:07 [INFO] -> =============================================================================
2026-07-30 15:19:07 [INFO] -> [🤖 AI AGENT] BẮT ĐẦU VÒNG ĐỜI ĐIỀU PHỐI TỰ TRỊ CHO TẬP PHIM 15...
2026-07-30 15:19:07 [INFO] -> =============================================================================
2026-07-30 15:19:07 [INFO] -> [AGENT NODE 1] Thao tác: Đọc phân tích cấu trúc chữ Chapter...
2026-07-30 15:19:07 [INFO] -> [AGENT NODE 2] Thao tác: Tự động phân rã mạch truyện thành các phân cảnh lớn...
2026-07-30 15:19:07 [INFO] -> [AGENT NODE 3] Thao tác: Phân rã Scene [1501] thành các Shots...
2026-07-30 15:19:07 [INFO] -> [SHOT MANAGER] Tiến hành bẻ nhỏ Scene ID [1501] thành chuỗi cắt cảnh...
2026-07-30 15:19:07 [INFO] ->  -> [✓] Khởi tạo Shot 01: ESTABLISHING | Thời lượng: 5.0s
2026-07-30 15:19:07 [INFO] ->  -> [✓] Khởi tạo Shot 02: WALKING | Thời lượng: 4.0s
2026-07-30 15:19:07 [INFO] ->  -> [✓] Khởi tạo Shot 03: DIALOGUE | Thời lượng: 4.0s
2026-07-30 15:19:07 [INFO] -> [AGENT NODE 4] Thao tác: Trộn câu lệnh Prompt Ma trận cho Shot [150101]...
2026-07-30 15:19:07 [INFO] -> [PROMPT CORES] Đang thực thi trộn ma trận Token 9 lớp cho Shot ID: [150101]
2026-07-30 15:19:07 [INFO] -> [AGENT NODE 5] Thao tác: Đẩy Shot [150101] vào hàng đợi phần cứng GPU...
2026-07-30 15:19:07 [INFO] -> [RENDER QUEUE] Cú máy [Shot ID: 150101] đang xếp hàng ➔ [WAITING]
2026-07-30 15:19:07 [INFO] -> [RENDER QUEUE] GPU đang tính toán khung hình ➔ [RENDERING]
2026-07-30 15:19:08 [INFO] -> [AGENT NODE 8] [✓] Hoàn tất Shot [150101] -> Khóa trạng thái COMPLETED.
2026-07-30 15:19:08 [INFO] -> [AGENT NODE 4] Thao tác: Trộn câu lệnh Prompt Ma trận cho Shot [150102]...
2026-07-30 15:19:08 [INFO] -> [PROMPT CORES] Đang thực thi trộn ma trận Token 9 lớp cho Shot ID: [150102]
2026-07-30 15:19:08 [INFO] -> [AGENT NODE 5] Thao tác: Đẩy Shot [150102] vào hàng đợi phần cứng GPU...
2026-07-30 15:19:08 [INFO] -> [RENDER QUEUE] Cú máy [Shot ID: 150102] đang xếp hàng ➔ [WAITING]
2026-07-30 15:19:08 [INFO] -> [RENDER QUEUE] GPU đang tính toán khung hình ➔ [RENDERING]
2026-07-30 15:19:08 [INFO] -> [AGENT NODE 8] [✓] Hoàn tất Shot [150102] -> Khóa trạng thái COMPLETED.
2026-07-30 15:19:08 [INFO] -> [AGENT NODE 4] Thao tác: Trộn câu lệnh Prompt Ma trận cho Shot [150103]...
2026-07-30 15:19:08 [INFO] -> [PROMPT CORES] Đang thực thi trộn ma trận Token 9 lớp cho Shot ID: [150103]
2026-07-30 15:19:08 [INFO] -> [AGENT NODE 5] Thao tác: Đẩy Shot [150103] vào hàng đợi phần cứng GPU...
2026-07-30 15:19:08 [INFO] -> [RENDER QUEUE] Cú máy [Shot ID: 150103] đang xếp hàng ➔ [WAITING]
2026-07-30 15:19:08 [INFO] -> [RENDER QUEUE] GPU đang tính toán khung hình ➔ [RENDERING]
2026-07-30 15:19:08 [INFO] -> [AGENT NODE 8] [✓] Hoàn tất Shot [150103] -> Khóa trạng thái COMPLETED.
2026-07-30 15:19:08 [INFO] -> =============================================================================
2026-07-30 15:19:08 [INFO] -> [🤖 AGENT SUCCESS] QUY TRÌNH TỰ TRỊ HOÀN THÀNH XUẤT SẮC! TIẾN ĐỘ ĐẠT 100% [✓]
2026-07-30 15:19:08 [INFO] -> =============================================================================
2026-07-30 15:19:09 [INFO] -> [CONSISTENCY] Phát hiện yêu cầu thay đổi diện mạo [HAIR] cho nhân vật [To Moc] -> 'short black hair'
2026-07-30 15:19:09 [INFO] -> [✓ SUCCESS] Lan truyền thành công! Đã đồng bộ diện mạo mới cho 1 cú máy chưa render.
2026-07-30 15:19:09 [INFO] -> [CONTROLLER] Tiếp nhận gói chỉ thị sản xuất từ tầng GUI cho Tập phim 15...
2026-07-30 15:19:09 [INFO] -> [STORYBOARD] Đang thực thi bóc tách logic đơn nhất (Single Responsibility)...
2026-07-30 15:19:09 [INFO] -> [SDK ENGINE] Plugin [LTX_STUDIO_AUTOMATION] đã được kích hoạt trên hệ thống.
2026-07-30 15:19:09 [INFO] -> [LTX_STUDIO_AUTOMATION] Đang thiết lập cấu hình khóa bảo mật API Stream...
2026-07-30 15:19:09 [INFO] -> =============================================================================
2026-07-30 15:19:09 [INFO] -> [🤖 AI AGENT] BẮT ĐẦU VÒNG ĐỜI ĐIỀU PHỐI TỰ TRỊ CHO TẬP PHIM 15...
2026-07-30 15:19:09 [INFO] -> =============================================================================
2026-07-30 15:19:09 [INFO] -> [AGENT NODE 1] Thao tác: Đọc phân tích cấu trúc chữ Chapter...
2026-07-30 15:19:09 [INFO] -> [AGENT NODE 2] Thao tác: Tự động phân rã mạch truyện thành các phân cảnh lớn...
2026-07-30 15:19:09 [INFO] -> [AGENT NODE 3] Thao tác: Phân rã Scene [1501] thành các Shots...
2026-07-30 15:19:09 [INFO] -> Shot Builder: Đang bẻ phân cảnh ID [1501] theo phân lớp Studio...
2026-07-30 15:19:09 [INFO] -> [AGENT NODE 4] Thao tác: Trộn câu lệnh Prompt Ma trận cho Shot [150101]...
2026-07-30 15:19:09 [INFO] -> [DREAMFORGE CORE] Tiến hành gộp ma trận tham số điện ảnh tĩnh...
2026-07-30 15:19:09 [INFO] -> [CAMERA PLANNER] Đã ghim thông số: Khung hình=Wide Shot, Ống kính=24mm, Chuyển động=Slow Push
2026-07-30 15:19:09 [INFO] -> [LIGHTING PLANNER] Đã ghim bộ lọc: Morning (Volumetric with Sun Rays)
2026-07-30 15:19:09 [INFO] -> [FX PLANNER] Đã khóa bộ hạt môi trường: Gió=[gentle blowing wind], Hiệu ứng=[falling cinematic tree leaves]
2026-07-30 15:19:09 [INFO] -> [AUDIO PLANNER] Đã cấu trúc chỉ thị âm thanh: Nhạc=[traditional chinese orchestra]
2026-07-30 15:19:09 [INFO] -> [AGENT NODE 5 & 6] Thao tác: Phát chỉ thị xuống LTX Adapter để Render và sao chép Clipboard...
2026-07-30 15:19:09 [INFO] -> [LTX_STUDIO_AUTOMATION] [GPU ENGAGED] Đang đẩy chỉ thị Render cho shot_150101...
2026-07-30 15:19:09 [INFO] -> [AGENT NODE 4] Thao tác: Trộn câu lệnh Prompt Ma trận cho Shot [150102]...
2026-07-30 15:19:10 [INFO] -> [DREAMFORGE CORE] Tiến hành gộp ma trận tham số điện ảnh tĩnh...
2026-07-30 15:19:10 [INFO] -> [CAMERA PLANNER] Đã ghim thông số: Khung hình=Close-Up Shot, Ống kính=85mm, Chuyển động=Static
2026-07-30 15:19:10 [INFO] -> [LIGHTING PLANNER] Đã ghim bộ lọc: Morning (Volumetric with Sun Rays)
2026-07-30 15:19:10 [INFO] -> [FX PLANNER] Đã khóa bộ hạt môi trường: Gió=[gentle blowing wind], Hiệu ứng=[falling cinematic tree leaves]
2026-07-30 15:19:10 [INFO] -> [AUDIO PLANNER] Đã cấu trúc chỉ thị âm thanh: Nhạc=[traditional chinese orchestra]
2026-07-30 15:19:10 [INFO] -> [AGENT NODE 5 & 6] Thao tác: Phát chỉ thị xuống LTX Adapter để Render và sao chép Clipboard...
2026-07-30 15:19:10 [INFO] -> [LTX_STUDIO_AUTOMATION] [GPU ENGAGED] Đang đẩy chỉ thị Render cho shot_150102...
2026-07-30 15:19:10 [INFO] -> [AGENT NODE 7] Thao tác: Kích hoạt Episode Builder gộp nối toàn bộ Shots...
2026-07-30 15:19:10 [INFO] -> [EPISODE BUILDER] Kích hoạt luồng đóng gói Tập phim 15...
2026-07-30 15:19:10 [INFO] ->  -> Danh sách phân cảnh tích hợp: ['scene_01']
2026-07-30 15:19:11 [INFO] -> [SUCCESS] Quy trình đóng gói hoàn tất. Tệp phim dài sẵn sàng: 'projects\ToanDanTaoPhong\exports\Episode15.mp4'
2026-07-30 15:19:11 [INFO] -> [AGENT NODE 8] [✓] Đăng tải tự động lên YouTube thành công! Tiến độ: 100%
2026-07-30 15:19:11 [INFO] -> =============================================================================
2026-07-30 15:19:11 [INFO] -> [SCHEDULER] Điều phối mạch sản xuất phân tầng cho Tập phim 15...
2026-07-30 15:19:11 [INFO] -> [API] ➔ [1/5] open_project: Khai hỏa dự án phim 'ToanDanTaoPhong'
2026-07-30 15:19:11 [INFO] -> [API] ➔ [2/5] current_scene: Đóng băng không gian Cảnh phim ID: [1501]
2026-07-30 15:19:11 [INFO] -> [API] ➔ [3/5] get_character: Nạp Token diện mạo cho nhân vật 'To Moc'
2026-07-30 15:19:11 [INFO] -> [API] ➔ [4/5] build_prompt: Đang xếp chồng các lớp Component Token...
2026-07-30 15:19:11 [INFO] -> [API] ➔ [5/5] render: Đang đẩy payload sang hàng đợi GPU phần cứng...
2026-07-30 15:19:12 [INFO] -> [EPISODE SERVICE] Đang tính toán ma trận tiến độ cho Tập phim 15...
2026-07-30 15:19:12 [INFO] -> [SDK ENGINE] Plugin [LTX_STUDIO_AUTOMATION] đã được kích hoạt trên hệ thống.
2026-07-30 15:19:12 [INFO] -> [LTX_STUDIO_AUTOMATION] [GPU ENGAGED] Đang đẩy chỉ thị Render cho scene_01...
2026-07-30 15:19:12 [INFO] -> [SDK ENGINE] Plugin [LTX_STUDIO_AUTOMATION] đã tạm dừng kích hoạt.
2026-07-30 15:19:16 [INFO] -> [LTX WORKSPACE] Cú máy [Shot ID: 150101] đã chuyển trạng thái thành công sang -> [APPROVED]
2026-07-30 15:19:16 [INFO] -> [SCHEDULER] Điều phối mạch sản xuất phân tầng cho Tập phim 15...
2026-07-30 15:19:16 [INFO] -> [TIMELINE ENGINE] Cú máy [Shot ID: 150101] đã được cập nhật thời lượng mới -> 5.5s
2026-07-30 15:19:16 [INFO] -> [DREAMFORGE CORE] Tiến hành gộp ma trận tham số điện ảnh tĩnh...
2026-07-30 15:19:16 [INFO] -> [CAMERA PLANNER] Đã ghim thông số: Khung hình=Wide Shot, Ống kính=24mm, Chuyển động=Slow Push
2026-07-30 15:19:16 [INFO] -> [LIGHTING PLANNER] Đã ghim bộ lọc: Morning (Volumetric with Sun Rays)
2026-07-30 15:19:16 [INFO] -> [FX PLANNER] Đã khóa bộ hạt môi trường: Gió=[gentle blowing wind], Hiệu ứng=[falling cinematic tree leaves]
2026-07-30 15:19:16 [INFO] -> [AUDIO PLANNER] Đã cấu trúc chỉ thị âm thanh: Nhạc=[traditional chinese orchestra]
2026-07-30 15:19:16 [INFO] -> [PROMPT SERVICE] Biên dịch Prompt thông qua lớp Template...
2026-07-30 15:19:16 [INFO] -> [PROMPT TEMPLATE] Đã biên dịch thành công mẫu câu lệnh [Key: DONGHUA_3D]
2026-07-30 15:19:16 [INFO] -> [PROMPT CORES] Đang thực thi trộn ma trận Token 9 lớp cho Shot ID: [150101]
2026-07-30 15:19:16 [INFO] -> [PROMPT CORES] Đang thực thi trộn ma trận Token 9 lớp cho Shot ID: [150101]
2026-07-30 15:19:16 [WARNING] -> [RETRY ENGINE] Kích hoạt lệnh cứu hộ! Đang tái nạp hàng đợi cho Shot Lỗi: [150109]
2026-07-30 15:19:17 [INFO] -> [RENDER QUEUE] Cú máy [Shot ID: 150109] đang xếp hàng ➔ [WAITING]
2026-07-30 15:19:17 [INFO] -> [RENDER QUEUE] GPU đang tính toán khung hình ➔ [RENDERING]
2026-07-30 15:19:17 [INFO] -> [EXPORT CENTER] Đang kích hoạt dây chuyền đóng gói thương mại cho Tập phim 15...
2026-07-30 15:19:17 [INFO] -> [✓ SUCCESS] Đóng gói thành công! Metadata SEO đã được khóa ổn định.
2026-07-30 15:19:17 [INFO] -> [SCENE INTEL] Đang phân rã gói dữ liệu cấu trúc YAML của Đạo diễn AI...
2026-07-30 15:19:17 [INFO] ->  -> [✓] Tiêu đề cảnh: Gặp nhau tại học viện
2026-07-30 15:19:17 [INFO] ->  -> [✓] Trạng thái cảm xúc phát hiện: ['Bình tĩnh', 'Mong chờ']
2026-07-30 15:19:17 [INFO] ->  -> [✓] Danh sách góc máy chỉ định: ['Establishing Shot', 'Medium Shot', 'Close Up']
2026-07-30 15:19:17 [INFO] -> [LTX_STUDIO_AUTOMATION] Đang thiết lập cấu hình khóa bảo mật API Stream...
2026-07-30 15:19:17 [INFO] -> [SDK ENGINE] Plugin [LTX_STUDIO_AUTOMATION] đã được kích hoạt trên hệ thống.
2026-07-30 15:19:17 [INFO] -> [LTX_STUDIO_AUTOMATION] [GPU ENGAGED] Đang đẩy chỉ thị Render cho shot_1501...
2026-07-30 15:19:18 [INFO] -> [SHOT MANAGER] Tiến hành bẻ nhỏ Scene ID [15] thành chuỗi cắt cảnh...
2026-07-30 15:19:18 [INFO] ->  -> [✓] Khởi tạo Shot 01: ESTABLISHING | Thời lượng: 5.0s
2026-07-30 15:19:18 [INFO] ->  -> [✓] Khởi tạo Shot 02: WALKING | Thời lượng: 4.0s
2026-07-30 15:19:18 [INFO] ->  -> [✓] Khởi tạo Shot 03: DIALOGUE | Thời lượng: 4.0s
2026-07-30 15:19:18 [INFO] -> [SHOT PLANNER] Đang khởi chạy ma trận phân rã góc máy cho Scene ID: [701]
2026-07-30 15:19:18 [INFO] ->  -> Khởi tạo thành công: [Shot 01] Ngữ cảnh: ESTABLISHING | Thời lượng: 5.0s
2026-07-30 15:19:18 [INFO] ->  -> Khởi tạo thành công: [Shot 02] Ngữ cảnh: DOOR OPENING | Thời lượng: 4.0s
2026-07-30 15:19:18 [INFO] ->  -> Khởi tạo thành công: [Shot 03] Ngữ cảnh: REACTION | Thời lượng: 2.0s
2026-07-30 15:19:18 [INFO] ->  -> Khởi tạo thành công: [Shot 04] Ngữ cảnh: DIALOGUE | Thời lượng: 3.0s
2026-07-30 15:19:18 [INFO] -> [CAMERA PLANNER] Đã ghim thông số: Khung hình=Wide Shot, Ống kính=24mm, Chuyển động=Slow Push
2026-07-30 15:19:18 [INFO] -> [LIGHTING PLANNER] Đã ghim bộ lọc: Morning (Volumetric with Sun Rays)
2026-07-30 15:19:18 [INFO] -> [AI DIRECTOR] Đang bóc tách chỉ đạo nghệ thuật cho Cú máy số 01...
2026-07-30 15:19:18 [INFO] -> [WORKFLOW] Mạch sản xuất tịnh tiến: [EPISODE] ➔ ➔ ➔ [CHAPTER]
2026-07-30 15:19:18 [INFO] -> [WORKFLOW] Mạch sản xuất tịnh tiến: [CHAPTER] ➔ ➔ ➔ [SCENE]
2026-07-30 15:19:18 [INFO] -> [WORKFLOW] Mạch sản xuất tịnh tiến: [SCENE] ➔ ➔ ➔ [SHOT]
2026-07-30 15:19:18 [INFO] -> [WORKFLOW] Mạch sản xuất tịnh tiến: [SHOT] ➔ ➔ ➔ [ASSET]
2026-07-30 15:19:18 [INFO] -> [WORKFLOW] Mạch sản xuất tịnh tiến: [ASSET] ➔ ➔ ➔ [PROMPT]
2026-07-30 15:19:18 [INFO] -> [WORKFLOW] Mạch sản xuất tịnh tiến: [PROMPT] ➔ ➔ ➔ [RENDER]
2026-07-30 15:19:18 [INFO] -> [WORKFLOW] Mạch sản xuất tịnh tiến: [RENDER] ➔ ➔ ➔ [REVIEW]
2026-07-30 15:19:18 [INFO] -> [WORKFLOW] Mạch sản xuất tịnh tiến: [REVIEW] ➔ ➔ ➔ [EXPORT]
2026-07-30 15:19:18 [INFO] -> [STORYBOARD] Đang thực thi bóc tách logic đơn nhất (Single Responsibility)...
2026-07-30 15:19:18 [INFO] -> Prompt Builder: Đã áp dụng mẫu [ltx_action] tự động cho [SCENE_01_002]
2026-07-30 15:19:18 [INFO] -> Prompt Builder: Đã áp dụng mẫu [ltx_dialogue] tự động cho [SCENE_01_001]
2026-07-30 15:19:18 [INFO] -> Prompt Builder 2.0: Đã hoàn tất ma trận sinh Prompt cho [Shot ID: 150101].
2026-07-30 15:19:18 [INFO] -> Prompt Builder 2.0: Đã hoàn tất ma trận sinh Prompt cho [Shot ID: 150102].
2026-07-30 15:19:18 [INFO] -> =============================================================================
2026-07-30 15:19:18 [INFO] -> [DREAMFORGE ENGINE] BẮT ĐẦU DÂY CHUYỀN SẢN XUẤT TỰ ĐỘNG KHÉP KÍN EPISODE 15...
2026-07-30 15:19:18 [INFO] -> =============================================================================
2026-07-30 15:19:18 [INFO] -> [NODE 1 & 2] Đang đọc tệp kịch bản gốc: projects/ToanDanTaoPhong/novel/chuong_15.docx
2026-07-30 15:19:18 [INFO] ->  -> [✓] Khởi tạo thực thể cấu trúc: Chapter 15
2026-07-30 15:19:18 [INFO] -> [NODE 3 & 4] Phân rã Chapter 15 thành các phân cảnh Scene & Cú máy Shot Object...
2026-07-30 15:19:19 [INFO] -> [DREAMFORGE CORE] Tiến hành gộp ma trận tham số điện ảnh tĩnh...
2026-07-30 15:19:19 [INFO] -> [CAMERA PLANNER] Đã ghim thông số: Khung hình=Close-Up Shot, Ống kính=85mm, Chuyển động=Static
2026-07-30 15:19:19 [INFO] -> [LIGHTING PLANNER] Đã ghim bộ lọc: Morning (Volumetric with Sun Rays)
2026-07-30 15:19:19 [INFO] -> [FX PLANNER] Đã khóa bộ hạt môi trường: Gió=[gentle blowing wind], Hiệu ứng=[falling cinematic tree leaves]
2026-07-30 15:19:19 [INFO] -> [AUDIO PLANNER] Đã cấu trúc chỉ thị âm thanh: Nhạc=[traditional chinese orchestra]
2026-07-30 15:19:19 [INFO] -> [SDK ENGINE] Plugin [LTX_STUDIO_ADAPTER] đã được kích hoạt trên hệ thống.
2026-07-30 15:19:19 [INFO] -> [LTX_STUDIO_ADAPTER] Khởi tạo cổng kết nối hạ tầng phần cứng LTX: ĐẠT [✓]
2026-07-30 15:19:19 [INFO] -> [LTX_STUDIO_ADAPTER] Đang tính toán phân rã trường ảnh kết xuất cho shot_01...
2026-07-30 15:19:19 [INFO] -> [SDK ENGINE] Plugin [LTX_STUDIO_ADAPTER] đã tạm hủy kích hoạt.
2026-07-30 15:19:19 [INFO] -> [ASSET MANAGER] Khởi tạo thành công cây thư mục lưu trữ: projects\ToanDanTaoPhong_Test\renders\scenes
2026-07-30 15:19:19 [INFO] -> [ASSET MANAGER] Đã đồng bộ cú máy vật lý -> [projects\ToanDanTaoPhong_Test\renders\scenes\Shot01.mp4]
2026-07-30 15:21:15 [INFO] -> =============================================================================
2026-07-30 15:21:15 [INFO] -> [🤖 AI AGENT] BẮT ĐẦU VÒNG ĐỜI ĐIỀU PHỐI TỰ TRỊ CHO TẬP PHIM 15...
2026-07-30 15:21:15 [INFO] -> =============================================================================
2026-07-30 15:21:15 [INFO] -> [AGENT NODE 1] Thao tác: Đọc phân tích cấu trúc chữ Chapter...
2026-07-30 15:21:15 [INFO] -> [AGENT NODE 2] Thao tác: Tự động phân rã mạch truyện thành các phân cảnh lớn...
2026-07-30 15:21:15 [INFO] -> [AGENT NODE 3] Thao tác: Phân rã Scene [1501] thành các Shots...
2026-07-30 15:21:15 [INFO] -> [SHOT MANAGER] Tiến hành bẻ nhỏ Scene ID [1501] thành chuỗi cắt cảnh...
2026-07-30 15:21:15 [INFO] ->  -> [✓] Khởi tạo Shot 01: ESTABLISHING | Thời lượng: 5.0s
2026-07-30 15:21:15 [INFO] ->  -> [✓] Khởi tạo Shot 02: WALKING | Thời lượng: 4.0s
2026-07-30 15:21:15 [INFO] ->  -> [✓] Khởi tạo Shot 03: DIALOGUE | Thời lượng: 4.0s
2026-07-30 15:21:16 [INFO] -> [AGENT NODE 4] Thao tác: Trộn câu lệnh Prompt Ma trận cho Shot [150101]...
2026-07-30 15:21:16 [INFO] -> [PROMPT CORES] Đang thực thi trộn ma trận Token 9 lớp cho Shot ID: [150101]
2026-07-30 15:21:16 [INFO] -> [AGENT NODE 5] Thao tác: Đẩy Shot [150101] vào hàng đợi phần cứng GPU...
2026-07-30 15:21:17 [INFO] -> [RENDER QUEUE] Cú máy [Shot ID: 150101] đang xếp hàng ➔ [WAITING]
2026-07-30 15:21:17 [INFO] -> [RENDER QUEUE] GPU đang tính toán khung hình ➔ [RENDERING]
2026-07-30 15:21:18 [INFO] -> [AGENT NODE 8] [✓] Hoàn tất Shot [150101] -> Khóa trạng thái COMPLETED.
2026-07-30 15:21:18 [INFO] -> [AGENT NODE 4] Thao tác: Trộn câu lệnh Prompt Ma trận cho Shot [150102]...
2026-07-30 15:21:18 [INFO] -> [PROMPT CORES] Đang thực thi trộn ma trận Token 9 lớp cho Shot ID: [150102]
2026-07-30 15:21:18 [INFO] -> [AGENT NODE 5] Thao tác: Đẩy Shot [150102] vào hàng đợi phần cứng GPU...
2026-07-30 15:21:18 [INFO] -> [RENDER QUEUE] Cú máy [Shot ID: 150102] đang xếp hàng ➔ [WAITING]
2026-07-30 15:21:18 [INFO] -> [RENDER QUEUE] GPU đang tính toán khung hình ➔ [RENDERING]
2026-07-30 15:21:19 [INFO] -> [AGENT NODE 8] [✓] Hoàn tất Shot [150102] -> Khóa trạng thái COMPLETED.
2026-07-30 15:21:19 [INFO] -> [AGENT NODE 4] Thao tác: Trộn câu lệnh Prompt Ma trận cho Shot [150103]...
2026-07-30 15:21:19 [INFO] -> [PROMPT CORES] Đang thực thi trộn ma trận Token 9 lớp cho Shot ID: [150103]
2026-07-30 15:21:19 [INFO] -> [AGENT NODE 5] Thao tác: Đẩy Shot [150103] vào hàng đợi phần cứng GPU...
2026-07-30 15:21:19 [INFO] -> [RENDER QUEUE] Cú máy [Shot ID: 150103] đang xếp hàng ➔ [WAITING]
2026-07-30 15:21:19 [INFO] -> [RENDER QUEUE] GPU đang tính toán khung hình ➔ [RENDERING]
2026-07-30 15:21:19 [INFO] -> [AGENT NODE 8] [✓] Hoàn tất Shot [150103] -> Khóa trạng thái COMPLETED.
2026-07-30 15:21:19 [INFO] -> =============================================================================
2026-07-30 15:21:19 [INFO] -> [🤖 AGENT SUCCESS] QUY TRÌNH TỰ TRỊ HOÀN THÀNH XUẤT SẮC! TIẾN ĐỘ ĐẠT 100% [✓]
2026-07-30 15:21:19 [INFO] -> =============================================================================
2026-07-30 15:21:19 [INFO] -> [CONSISTENCY] Phát hiện yêu cầu thay đổi diện mạo [HAIR] cho nhân vật [To Moc] -> 'short black hair'
2026-07-30 15:21:19 [INFO] -> [✓ SUCCESS] Lan truyền thành công! Đã đồng bộ diện mạo mới cho 1 cú máy chưa render.
2026-07-30 15:21:20 [INFO] -> [CONTROLLER] Tiếp nhận gói chỉ thị sản xuất từ tầng GUI cho Tập phim 15...
2026-07-30 15:21:20 [INFO] -> [STORYBOARD] Đang thực thi bóc tách logic đơn nhất (Single Responsibility)...
2026-07-30 15:21:20 [INFO] -> [SDK ENGINE] Plugin [LTX_STUDIO_AUTOMATION] đã được kích hoạt trên hệ thống.
2026-07-30 15:21:20 [INFO] -> [LTX_STUDIO_AUTOMATION] Đang thiết lập cấu hình khóa bảo mật API Stream...
2026-07-30 15:21:20 [INFO] -> =============================================================================
2026-07-30 15:21:20 [INFO] -> [🤖 AI AGENT] BẮT ĐẦU VÒNG ĐỜI ĐIỀU PHỐI TỰ TRỊ CHO TẬP PHIM 15...
2026-07-30 15:21:20 [INFO] -> =============================================================================
2026-07-30 15:21:20 [INFO] -> [AGENT NODE 1] Thao tác: Đọc phân tích cấu trúc chữ Chapter...
2026-07-30 15:21:20 [INFO] -> [AGENT NODE 2] Thao tác: Tự động phân rã mạch truyện thành các phân cảnh lớn...
2026-07-30 15:21:20 [INFO] -> [AGENT NODE 3] Thao tác: Phân rã Scene [1501] thành các Shots...
2026-07-30 15:21:20 [INFO] -> Shot Builder: Đang bẻ phân cảnh ID [1501] theo phân lớp Studio...
2026-07-30 15:21:20 [INFO] -> [AGENT NODE 4] Thao tác: Trộn câu lệnh Prompt Ma trận cho Shot [150101]...
2026-07-30 15:21:20 [INFO] -> [DREAMFORGE CORE] Tiến hành gộp ma trận tham số điện ảnh tĩnh...
2026-07-30 15:21:20 [INFO] -> [CAMERA PLANNER] Đã ghim thông số: Khung hình=Wide Shot, Ống kính=24mm, Chuyển động=Slow Push
2026-07-30 15:21:20 [INFO] -> [LIGHTING PLANNER] Đã ghim bộ lọc: Morning (Volumetric with Sun Rays)
2026-07-30 15:21:20 [INFO] -> [FX PLANNER] Đã khóa bộ hạt môi trường: Gió=[gentle blowing wind], Hiệu ứng=[falling cinematic tree leaves]
2026-07-30 15:21:20 [INFO] -> [AUDIO PLANNER] Đã cấu trúc chỉ thị âm thanh: Nhạc=[traditional chinese orchestra]
2026-07-30 15:21:20 [INFO] -> [AGENT NODE 5 & 6] Thao tác: Phát chỉ thị xuống LTX Adapter để Render và sao chép Clipboard...
2026-07-30 15:21:20 [INFO] -> [LTX_STUDIO_AUTOMATION] [GPU ENGAGED] Đang đẩy chỉ thị Render cho shot_150101...
2026-07-30 15:21:20 [INFO] -> [AGENT NODE 4] Thao tác: Trộn câu lệnh Prompt Ma trận cho Shot [150102]...
2026-07-30 15:21:20 [INFO] -> [DREAMFORGE CORE] Tiến hành gộp ma trận tham số điện ảnh tĩnh...
2026-07-30 15:21:20 [INFO] -> [CAMERA PLANNER] Đã ghim thông số: Khung hình=Close-Up Shot, Ống kính=85mm, Chuyển động=Static
2026-07-30 15:21:20 [INFO] -> [LIGHTING PLANNER] Đã ghim bộ lọc: Morning (Volumetric with Sun Rays)
2026-07-30 15:21:20 [INFO] -> [FX PLANNER] Đã khóa bộ hạt môi trường: Gió=[gentle blowing wind], Hiệu ứng=[falling cinematic tree leaves]
2026-07-30 15:21:20 [INFO] -> [AUDIO PLANNER] Đã cấu trúc chỉ thị âm thanh: Nhạc=[traditional chinese orchestra]
2026-07-30 15:21:20 [INFO] -> [AGENT NODE 5 & 6] Thao tác: Phát chỉ thị xuống LTX Adapter để Render và sao chép Clipboard...
2026-07-30 15:21:20 [INFO] -> [LTX_STUDIO_AUTOMATION] [GPU ENGAGED] Đang đẩy chỉ thị Render cho shot_150102...
2026-07-30 15:21:20 [INFO] -> [AGENT NODE 7] Thao tác: Kích hoạt Episode Builder gộp nối toàn bộ Shots...
2026-07-30 15:21:20 [INFO] -> [EPISODE BUILDER] Kích hoạt luồng đóng gói Tập phim 15...
2026-07-30 15:21:20 [INFO] ->  -> Danh sách phân cảnh tích hợp: ['scene_01']
2026-07-30 15:21:22 [INFO] -> [SUCCESS] Quy trình đóng gói hoàn tất. Tệp phim dài sẵn sàng: 'projects\ToanDanTaoPhong\exports\Episode15.mp4'
2026-07-30 15:21:22 [INFO] -> [AGENT NODE 8] [✓] Đăng tải tự động lên YouTube thành công! Tiến độ: 100%
2026-07-30 15:21:22 [INFO] -> =============================================================================
2026-07-30 15:21:22 [INFO] -> [SCHEDULER] Điều phối mạch sản xuất phân tầng cho Tập phim 15...
2026-07-30 15:21:22 [INFO] -> [API] ➔ [1/5] open_project: Khai hỏa dự án phim 'ToanDanTaoPhong'
2026-07-30 15:21:22 [INFO] -> [API] ➔ [2/5] current_scene: Đóng băng không gian Cảnh phim ID: [1501]
2026-07-30 15:21:22 [INFO] -> [API] ➔ [3/5] get_character: Nạp Token diện mạo cho nhân vật 'To Moc'
2026-07-30 15:21:22 [INFO] -> [API] ➔ [4/5] build_prompt: Đang xếp chồng các lớp Component Token...
2026-07-30 15:21:22 [INFO] -> [API] ➔ [5/5] render: Đang đẩy payload sang hàng đợi GPU phần cứng...
2026-07-30 15:21:22 [INFO] -> [EPISODE SERVICE] Đang tính toán ma trận tiến độ cho Tập phim 15...
2026-07-30 15:21:22 [INFO] -> [SDK ENGINE] Plugin [LTX_STUDIO_AUTOMATION] đã được kích hoạt trên hệ thống.
2026-07-30 15:21:22 [INFO] -> [LTX_STUDIO_AUTOMATION] [GPU ENGAGED] Đang đẩy chỉ thị Render cho scene_01...
2026-07-30 15:21:22 [INFO] -> [SDK ENGINE] Plugin [LTX_STUDIO_AUTOMATION] đã tạm dừng kích hoạt.
2026-07-30 15:21:28 [INFO] -> [LTX WORKSPACE] Cú máy [Shot ID: 150101] đã chuyển trạng thái thành công sang -> [APPROVED]
2026-07-30 15:21:28 [INFO] -> [SCHEDULER] Điều phối mạch sản xuất phân tầng cho Tập phim 15...
2026-07-30 15:21:28 [INFO] -> [TIMELINE ENGINE] Cú máy [Shot ID: 150101] đã được cập nhật thời lượng mới -> 5.5s
2026-07-30 15:21:28 [INFO] -> [DREAMFORGE CORE] Tiến hành gộp ma trận tham số điện ảnh tĩnh...
2026-07-30 15:21:28 [INFO] -> [CAMERA PLANNER] Đã ghim thông số: Khung hình=Wide Shot, Ống kính=24mm, Chuyển động=Slow Push
2026-07-30 15:21:28 [INFO] -> [LIGHTING PLANNER] Đã ghim bộ lọc: Morning (Volumetric with Sun Rays)
2026-07-30 15:21:28 [INFO] -> [FX PLANNER] Đã khóa bộ hạt môi trường: Gió=[gentle blowing wind], Hiệu ứng=[falling cinematic tree leaves]
2026-07-30 15:21:28 [INFO] -> [AUDIO PLANNER] Đã cấu trúc chỉ thị âm thanh: Nhạc=[traditional chinese orchestra]
2026-07-30 15:21:28 [INFO] -> [PROMPT SERVICE] Biên dịch Prompt thông qua lớp Template...
2026-07-30 15:21:28 [INFO] -> [PROMPT TEMPLATE] Đã biên dịch thành công mẫu câu lệnh [Key: DONGHUA_3D]
2026-07-30 15:21:28 [INFO] -> [PROMPT CORES] Đang thực thi trộn ma trận Token 9 lớp cho Shot ID: [150101]
2026-07-30 15:21:28 [INFO] -> [PROMPT CORES] Đang thực thi trộn ma trận Token 9 lớp cho Shot ID: [150101]
2026-07-30 15:21:29 [WARNING] -> [RETRY ENGINE] Kích hoạt lệnh cứu hộ! Đang tái nạp hàng đợi cho Shot Lỗi: [150109]
2026-07-30 15:21:29 [INFO] -> [RENDER QUEUE] Cú máy [Shot ID: 150109] đang xếp hàng ➔ [WAITING]
2026-07-30 15:21:29 [INFO] -> [RENDER QUEUE] GPU đang tính toán khung hình ➔ [RENDERING]
2026-07-30 15:21:30 [INFO] -> [EXPORT CENTER] Đang kích hoạt dây chuyền đóng gói thương mại cho Tập phim 15...
2026-07-30 15:21:30 [INFO] -> [✓ SUCCESS] Đóng gói thành công! Metadata SEO đã được khóa ổn định.
2026-07-30 15:21:30 [INFO] -> [SCENE INTEL] Đang phân rã gói dữ liệu cấu trúc YAML của Đạo diễn AI...
2026-07-30 15:21:30 [INFO] ->  -> [✓] Tiêu đề cảnh: Gặp nhau tại học viện
2026-07-30 15:21:30 [INFO] ->  -> [✓] Trạng thái cảm xúc phát hiện: ['Bình tĩnh', 'Mong chờ']
2026-07-30 15:21:30 [INFO] ->  -> [✓] Danh sách góc máy chỉ định: ['Establishing Shot', 'Medium Shot', 'Close Up']
2026-07-30 15:21:30 [INFO] -> [LTX_STUDIO_AUTOMATION] Đang thiết lập cấu hình khóa bảo mật API Stream...
2026-07-30 15:21:30 [INFO] -> [SDK ENGINE] Plugin [LTX_STUDIO_AUTOMATION] đã được kích hoạt trên hệ thống.
2026-07-30 15:21:30 [INFO] -> [LTX_STUDIO_AUTOMATION] [GPU ENGAGED] Đang đẩy chỉ thị Render cho shot_1501...
2026-07-30 15:21:30 [INFO] -> [SHOT MANAGER] Tiến hành bẻ nhỏ Scene ID [15] thành chuỗi cắt cảnh...
2026-07-30 15:21:30 [INFO] ->  -> [✓] Khởi tạo Shot 01: ESTABLISHING | Thời lượng: 5.0s
2026-07-30 15:21:30 [INFO] ->  -> [✓] Khởi tạo Shot 02: WALKING | Thời lượng: 4.0s
2026-07-30 15:21:30 [INFO] ->  -> [✓] Khởi tạo Shot 03: DIALOGUE | Thời lượng: 4.0s
2026-07-30 15:21:30 [INFO] -> [SHOT PLANNER] Đang khởi chạy ma trận phân rã góc máy cho Scene ID: [701]
2026-07-30 15:21:30 [INFO] ->  -> Khởi tạo thành công: [Shot 01] Ngữ cảnh: ESTABLISHING | Thời lượng: 5.0s
2026-07-30 15:21:30 [INFO] ->  -> Khởi tạo thành công: [Shot 02] Ngữ cảnh: DOOR OPENING | Thời lượng: 4.0s
2026-07-30 15:21:30 [INFO] ->  -> Khởi tạo thành công: [Shot 03] Ngữ cảnh: REACTION | Thời lượng: 2.0s
2026-07-30 15:21:30 [INFO] ->  -> Khởi tạo thành công: [Shot 04] Ngữ cảnh: DIALOGUE | Thời lượng: 3.0s
2026-07-30 15:21:30 [INFO] -> [CAMERA PLANNER] Đã ghim thông số: Khung hình=Wide Shot, Ống kính=24mm, Chuyển động=Slow Push
2026-07-30 15:21:30 [INFO] -> [LIGHTING PLANNER] Đã ghim bộ lọc: Morning (Volumetric with Sun Rays)
2026-07-30 15:21:30 [INFO] -> [AI DIRECTOR] Đang bóc tách chỉ đạo nghệ thuật cho Cú máy số 01...
2026-07-30 15:21:30 [INFO] -> [WORKFLOW] Mạch sản xuất tịnh tiến: [EPISODE] ➔ ➔ ➔ [CHAPTER]
2026-07-30 15:21:30 [INFO] -> [WORKFLOW] Mạch sản xuất tịnh tiến: [CHAPTER] ➔ ➔ ➔ [SCENE]
2026-07-30 15:21:30 [INFO] -> [WORKFLOW] Mạch sản xuất tịnh tiến: [SCENE] ➔ ➔ ➔ [SHOT]
2026-07-30 15:21:30 [INFO] -> [WORKFLOW] Mạch sản xuất tịnh tiến: [SHOT] ➔ ➔ ➔ [ASSET]
2026-07-30 15:21:30 [INFO] -> [WORKFLOW] Mạch sản xuất tịnh tiến: [ASSET] ➔ ➔ ➔ [PROMPT]
2026-07-30 15:21:30 [INFO] -> [WORKFLOW] Mạch sản xuất tịnh tiến: [PROMPT] ➔ ➔ ➔ [RENDER]
2026-07-30 15:21:30 [INFO] -> [WORKFLOW] Mạch sản xuất tịnh tiến: [RENDER] ➔ ➔ ➔ [REVIEW]
2026-07-30 15:21:30 [INFO] -> [WORKFLOW] Mạch sản xuất tịnh tiến: [REVIEW] ➔ ➔ ➔ [EXPORT]
2026-07-30 15:21:30 [INFO] -> [STORYBOARD] Đang thực thi bóc tách logic đơn nhất (Single Responsibility)...
2026-07-30 15:21:31 [INFO] -> Prompt Builder: Đã áp dụng mẫu [ltx_action] tự động cho [SCENE_01_002]
2026-07-30 15:21:31 [INFO] -> Prompt Builder: Đã áp dụng mẫu [ltx_dialogue] tự động cho [SCENE_01_001]
2026-07-30 15:21:31 [INFO] -> Prompt Builder 2.0: Đã hoàn tất ma trận sinh Prompt cho [Shot ID: 150101].
2026-07-30 15:21:31 [INFO] -> Prompt Builder 2.0: Đã hoàn tất ma trận sinh Prompt cho [Shot ID: 150102].
2026-07-30 15:21:31 [INFO] -> =============================================================================
2026-07-30 15:21:31 [INFO] -> [DREAMFORGE ENGINE] BẮT ĐẦU DÂY CHUYỀN SẢN XUẤT TỰ ĐỘNG KHÉP KÍN EPISODE 15...
2026-07-30 15:21:31 [INFO] -> =============================================================================
2026-07-30 15:21:31 [INFO] -> [NODE 1 & 2] Đang đọc tệp kịch bản gốc: projects/ToanDanTaoPhong/novel/chuong_15.docx
2026-07-30 15:21:31 [INFO] ->  -> [✓] Khởi tạo thực thể cấu trúc: Chapter 15
2026-07-30 15:21:31 [INFO] -> [NODE 3 & 4] Phân rã Chapter 15 thành các phân cảnh Scene & Cú máy Shot Object...
2026-07-30 15:21:31 [INFO] -> [AI DIRECTOR] Tiến hành trích xuất ý đồ đạo diễn từ văn bản kịch bản thô...
2026-07-30 15:21:31 [INFO] -> [DREAMFORGE CORE] Tiến hành gộp ma trận tham số điện ảnh tĩnh...
2026-07-30 15:21:31 [INFO] -> [CAMERA PLANNER] Đã ghim thông số: Khung hình=Wide Shot, Ống kính=24mm, Chuyển động=Slow Push
2026-07-30 15:21:31 [INFO] -> [LIGHTING PLANNER] Đã ghim bộ lọc: Morning (Volumetric with Sun Rays)
2026-07-30 15:21:31 [INFO] -> [FX PLANNER] Đã khóa bộ hạt môi trường: Gió=[gentle blowing wind], Hiệu ứng=[falling cinematic tree leaves]
2026-07-30 15:21:31 [INFO] -> [AUDIO PLANNER] Đã cấu trúc chỉ thị âm thanh: Nhạc=[traditional chinese orchestra]
2026-07-30 15:21:31 [INFO] -> [NODE 7] LTX Studio Renderer: Đang kết xuất video clip thô từ chuỗi Prompt ma trận...
2026-07-30 15:21:32 [INFO] ->  -> [✓] Render hoàn tất file clip: projects/ToanDanTaoPhong/cache/shot_150101.mp4
2026-07-30 15:21:32 [INFO] -> [NODE 8] ElevenLabs Plugin: Sinh file âm thanh lồng tiếng: projects/ToanDanTaoPhong/cache/tomoc_voice_150101.mp3
2026-07-30 15:21:32 [INFO] -> [SDK ENGINE] Plugin [OPENAI_WHISPER_SPEECH_TO_TEXT] đã được kích hoạt trên hệ thống.
2026-07-30 15:21:32 [INFO] -> [OPENAI_WHISPER_SPEECH_TO_TEXT] Đang tiến hành bóc tách hội thoại kịch bản văn học...
2026-07-30 15:21:32 [INFO] -> [NODE 9] Whisper Subtitle Generated:
"T Tô Mộc bất ngờ quay đầu nhìn về phía chân trời xa xăm."
2026-07-30 15:21:32 [INFO] -> [NODE 10] Timeline Sync: Đồng bộ Video + Voice + Subtitle lên Premiere-style Sequencer.
2026-07-30 15:21:32 [INFO] -> [EPISODE BUILDER] Kích hoạt luồng đóng gói Tập phim 15...
2026-07-30 15:21:32 [INFO] ->  -> Danh sách phân cảnh tích hợp: ['scene_01', 'scene_02']
2026-07-30 15:21:34 [INFO] -> [SUCCESS] Quy trình đóng gói hoàn tất. Tệp phim dài sẵn sàng: 'projects\ToanDanTaoPhong\exports\Episode15.mp4'
2026-07-30 15:21:34 [INFO] -> =============================================================================
2026-07-30 15:21:34 [INFO] -> [ENGINE SUCCESS] DÂY CHUYỀN SẢN XUẤT HOÀN THÀNH XUẤT SẮC! TIẾN ĐỘ ĐẠT 100% [✓]
2026-07-30 15:21:34 [INFO] -> =============================================================================
2026-07-30 15:21:34 [INFO] -> [SDK ENGINE] Plugin [OPENAI_WHISPER_SPEECH_TO_TEXT] đã tạm hủy kích hoạt.
2026-07-30 15:21:34 [INFO] -> [DREAMFORGE CORE] Tiến hành gộp ma trận tham số điện ảnh tĩnh...
2026-07-30 15:21:34 [INFO] -> [CAMERA PLANNER] Đã ghim thông số: Khung hình=Close-Up Shot, Ống kính=85mm, Chuyển động=Static
2026-07-30 15:21:34 [INFO] -> [LIGHTING PLANNER] Đã ghim bộ lọc: Morning (Volumetric with Sun Rays)
2026-07-30 15:21:34 [INFO] -> [FX PLANNER] Đã khóa bộ hạt môi trường: Gió=[gentle blowing wind], Hiệu ứng=[falling cinematic tree leaves]
2026-07-30 15:21:34 [INFO] -> [AUDIO PLANNER] Đã cấu trúc chỉ thị âm thanh: Nhạc=[traditional chinese orchestra]
2026-07-30 15:21:34 [INFO] -> [SDK ENGINE] Plugin [LTX_STUDIO_ADAPTER] đã được kích hoạt trên hệ thống.
2026-07-30 15:21:34 [INFO] -> [LTX_STUDIO_ADAPTER] Khởi tạo cổng kết nối hạ tầng phần cứng LTX: ĐẠT [✓]
2026-07-30 15:21:34 [INFO] -> [LTX_STUDIO_ADAPTER] Đang tính toán phân rã trường ảnh kết xuất cho shot_01...
2026-07-30 15:21:34 [INFO] -> [SDK ENGINE] Plugin [LTX_STUDIO_ADAPTER] đã tạm hủy kích hoạt.
2026-07-30 15:21:34 [INFO] -> [ASSET MANAGER] Khởi tạo thành công cây thư mục lưu trữ: projects\ToanDanTaoPhong_Test\renders\scenes
2026-07-30 15:21:34 [INFO] -> [ASSET MANAGER] Đã đồng bộ cú máy vật lý -> [projects\ToanDanTaoPhong_Test\renders\scenes\Shot01.mp4]
